,address,zip,building_type,price,beds,baths,sqft,price/sqft,agent,brokerage
0,710 London St,94112,- House for sale,1498000,4 ,3 ,2047,731.8026380068393, Darin J. Holwitz,COMPASS
1,655 27th St,94131,- House for sale,2195000,3 ,3 ,1791,1225.5723059743161, Dale T. Boutiette,COMPASS SF
2,270 Sadowa St,94112,- House for sale,1049000,3 ,2 ,1264,829.9050632911392, Cynthia M. Pagan,PACIFIC EDGE
3,437 Valley St,94131,- House for sale,2000000,3 ,2 ,1949,1026.167265264238, Allison Fortini Crawford,SOTHEBY'S INTERNATIONAL REALTY
4,585 Rockdale Dr,94127,- House for sale,1295000,2 ,1 ,1152,1124.1319444444443, Edward O'Connell,CORCORAN GLOBAL LIVING
5,2 Short St,94114,- House for sale,1195000,1 ,2 ,1019,1172.7183513248283, Lamisse Droubi,GENERATION REAL ESTATE
6,23 Skyview Way,94131,- House for sale,1995000,4 ,4 ,2317,861.0271903323263, Par Hanji,COMPASS SF
7,634 Rockdale Dr,94127,- House for sale,1697000,4 ,3 ,2014,842.6017874875869,0,0
8,25 Woodland Ave,94117,- House for sale,2995000,4 ,3 ,2397,1249.4785148101794, Ilana D. Minkoff,VANGUARD PROPERTIES
9,2828 Vallejo St,94123,- House for sale,28000000,8 ,9 ,10345,2706.6215563073947, Neal Allen Ward,COMPASS
10,125 Precita Ave #A,94110,- Condo for sale,695000,2 ,1 ,1055,658.7677725118483, Danielle H. Lazier,COMPASS
11,321 10th Ave,94118,- House for sale,1995000,3 ,3 ,2170,919.3548387096774, Dale T. Boutiette,COMPASS SF
12,225 Mullen Ave,94110,- House for sale,1650000,3 ,2 ,1650,1000.0, Jason D. Gomez,ARG REAL ESTATE
13,116 Galewood Cir,94131,- House for sale,1610000,2 ,3 ,1465,1098.976109215017,0,0
14,210 Richardson Ave,94123,- House for sale,2495000,4 ,4 ,2839,878.830574145826, David B. Bellings,COMPASS
15,2950 Pacific Ave,94115,- House for sale,29500000,8 ,13 ,20000,1475.0, Neal Allen Ward,COMPASS
16,1010 Monterey Blvd,94127,- House for sale,2295000,4 ,3 ,2683,855.3857622064853, Harold Stoner,Architect
17,2263 45th Ave,94116,- House for sale,1198000,3 ,2 ,1427,839.5234758234058, Todd Wiley,COMPASS
18,72 Lynch St,94109,- Condo for sale,1295000,2 ,2 ,1030,1257.2815533980583, Marsha Abrahams,VANGUARD PROPERTIES
19,108 Jerrold Ave,94124,- Townhouse for sale,798000,3 ,2 ,1325,602.2641509433962, Michelle Kim,MOSAIK REAL ESTATE
20,Plan A Plan,BMR,- New construction,532720,3 ,4 ,1764,301.9954648526077,0,Tri Pointe Homes
21,2741 Divisadero St,94123,- House for sale,9295000,6 ,6 ,5085,1827.9252704031464, Grace C. Shohet,COMPASS SF
22,1891 25th Ave,94122,- House for sale,1495000,3 ,3 ,1550,964.516129032258, Erick Bergman,NEW GENERATION RLTY. & INV.
23,106 Circular Ave,94131,- House for sale,1128000,4 ,3 ,1740,648.2758620689655, Rick Lei,COMPASS
24,1946 30th Ave,94116,- House for sale,1495000,4 ,3 ,1631,916.6155732679338, Jason C. Chan,BARBCO
25,855 Folsom St APT 742,94107,- Condo for sale,525000,2 ,1 ,752,698.1382978723404, Michael S. Broermann,GROUP MB
26,2610 San Jose Ave,94112,- House for sale,1090000,6 ,3 ,2250,484.44444444444446, Ka Yi Cheng,TRUST REAL ESTATE
27,224 Sea Cliff Ave,94121,- House for sale,17500000,6 ,7 ,7170,2440.725244072524, Mark A. Levinson,COMPASS
28,4293 23rd St,94114,- House for sale,1988000,3 ,2 ,0,inf, Jeffrey S. Marples,MARKER LUXURY PROPERTIES
29,384 Raymond Ave,94134,- House for sale,985000,4 ,3 ,1476,667.3441734417344, Joanne J. Xiang,CENTURY 21 REALTY ALLIANCE
30,110 Corbett Ave,94114,- Condo for sale,1295000,3 ,2 ,1855,698.1132075471698, Kimberly M. Sterling,ENGEL & VOELKERS SAN FRANCISCO
31,485 Noe St,94114,- Condo for sale,998000,2 ,2 ,1250,798.4, Christian V. Nguyen,MOSAIK REAL ESTATE
32,2839 Pacific Ave,94115,- House for sale,16950000,5 ,6 ,8650,1959.5375722543354, John S. Kirtland,SOTHEBY'S INTERNATIONAL REALTY
33,208 N Lake Merced Hls APT 1C,94132,- Condo for sale,779000,2 ,2 ,1247,624.6992782678428, Paula Y. Rose,COMPASS SF
34,1067 Green St,94133,- House for sale,8600000,4 ,4 ,5267,1632.8080501234099, Janet F. Schindler,SOTHEBY'S INTERNATIONAL REALTY
35,425 1st St UNIT 2801,94105,- Condo for sale,1789000,2 ,2 ,1042,1716.8905950095968, Jonathan B. Deason,VANGUARD PROPERTIES
36,2698 Pacific Ave,94115,- House for sale,25800000,8 ,6 ,10734,2403.577417551705,0,0
37,650 Turk St UNIT 507,94102,- Condo for sale,499000,Studio,1 ,0,inf, Amanda B. Sharp,COMPASS
38,15 Balceta Ave,94127,- House for sale,1895000,4 ,2 ,2374,798.2308340353833, Matthew J. Woebcke,COMPASS SF
39,338 Potrero Ave UNIT 601,94103,- Condo for sale,298906,1 ,1 ,671,445.4634873323398, Robert  Belli,HOME QUEST REALTY
40,1805 Scott St,94115,- House for sale,799000,1 ,1 ,640,1248.4375, Caroline Kahn Werboff,SOTHEBY'S INTERNATIONAL REALTY
41,50 Jerrold Ave #313,94124,- Condo for sale,799888,2 ,2 ,1156,691.9446366782007,0,0
42,180 3rd Ave,94118,- Multi-family home for sale,3500,3 ,-- ,1400,2.5, Jade Dou,BETTER HOMES AND GARDENS THRIV
43,161 Castro St #B,94114,- Condo for sale,795000,2 ,1 ,700,1135.7142857142858, Jonathan B. Deason,VANGUARD PROPERTIES
44,294 Chester Ave,94132,- House for sale,998000,2 ,1 ,1167,855.1842330762639,0,0
45,1707 30th Ave,94122,- House for sale,1095000,3 ,1 ,1125,973.3333333333334, Jason C. Chan,BARBCO
46,423 24th Ave,94121,- Condo for sale,898000,2 ,2 ,0,inf, Andreas Ernst,COMPASS
47,260 3rd Ave,94118,- Condo for sale,975000,2 ,1 ,984,990.8536585365854, Mark D. McHale,VANGUARD PROPERTIES
48,201 Folsom St APT 23D,94105,- New construction,1299000,1 ,1 ,876,1482.876712328767, Joseph C. Silva Gonsalves,COMPASS
49,999 Donner Ave,94124,- Lot / Land for sale,7500,"4,996 sqft lot",0,0,inf, Trent C. Zhu,BETTER HOMES AND GARDENS REAL
50,23 Madrid St,94112,- House for sale,1995000,5 ,4 ,2308,864.3847487001733, Jack P. Murray,BERKSHIRE HATHAWAY-FRANCISCAN
51,676 Ivy St #678,94102,- Multi-family home for sale,990000,3 ,2 ,1324,747.7341389728097, Lily Lum  Chan,COLDWELL BANKER REALTY
52,3520 Fulton St,94118,- House for sale,2380000,5 ,6 ,3075,773.9837398373984, Nancy Jen,COLDWELL BANKER REALTY
53,1431 Chestnut St #1433,94123,- Multi-family home for sale,2265000,4 ,-- ,3250,696.9230769230769, INC,EXP REALTY OF CALIFORNIA
54,205 Sagamore St,94112,- House for sale,975000,2 ,1 ,1100,886.3636363636364, INC,EXP REALTY OF CALIFORNIA
55,1001 Pine St UNIT 701,94109,- Condo for sale,698000,1 ,1 ,670,1041.7910447761194, Michael  Minson,KELLER WILLIAMS SAN FRANCISCO
56,2226 California St #301,94115,- Condo for sale,1395000,3 ,2 ,1500,930.0, Maximillian D. Armour,COMPASS
57,127 Molimo Dr,94127,- House for sale,1995000,4 ,2 ,2430,820.9876543209876, Steve Gallagher,COLDWELL BANKER REALTY
58,1642 Palou Ave,94124,- House for sale,988000,4 ,3 ,0,inf, Scott A. Rose,CORCORAN GLOBAL LIVING
59,19 Alpine Ter #A,94117,- Condo for sale,695000,1 ,1 ,985,705.5837563451777, Brendon Kearney,COMPASS
60,124 Clayton St,94117,- Condo for sale,1495000,5 ,2 ,1950,766.6666666666666, Aaron M Bellings,COMPASS
61,635 Page St,94117,- Multi-family home for sale,2100000,2 ,-- ,4000,525.0, INC,EXP REALTY OF CALIFORNIA
62,2721 Sacramento St #B,94115,- Condo for sale,1895000,2 ,2 ,1350,1403.7037037037037, Michael B. Harrington,SOTHEBY'S INTERNATIONAL REALTY
63,3325 23rd St,94110,- Condo for sale,1495000,3 ,3 ,2075,720.4819277108434, Kevin Wakelin,COMPASS
64,2475 Sutter St,94115,- Condo for sale,995000,2 ,1 ,900,1105.5555555555557, Mollie W. Poe,INDIGO REAL ESTATE
65,108 Corbett Ave,94114,- Condo for sale,895000,1 ,1 ,1092,819.5970695970695, Kimberly M. Sterling,ENGEL & VOELKERS SAN FRANCISCO
66,223 Orizaba Ave,94132,- House for sale,1289888,4 ,2 ,2039,632.6081412457087,0,0
67,92 Reddy St,94124,- House for sale,989000,2 ,1 ,0,inf, Eugenia A. Mantzoros,EPIC REAL ESTATE & ASSO. INC.
68,625 Campbell Ave,94134,- House for sale,1198000,4 ,3 ,2275,526.5934065934066,0,0
69,2727 Jackson St APT 1,94115,- Condo for sale,585000,Studio,1 ,487,1201.2320328542094, Anthony L. Koutsos,KELLER WILLIAMS SAN FRANCISCO
70,1320 Lyon St,94115,- Condo for sale,1299950,2 ,1 ,1676,775.626491646778,0,0
71,463 14th St,94103,- Condo for sale,1499000,3 ,2 ,1644,911.8004866180048, Britton E. Jackson,JACKSON FULLER REAL ESTATE
72,1350 Natoma St APT 6,94103,- Condo for sale,1149000,2 ,3 ,948,1212.0253164556962, Amanda B. Sharp,COMPASS
73,1646 10th Ave,94122,- Multi-family home for sale,2295000,7 ,5 ,3621,633.8028169014085, Jason C. Chan,BARBCO
74,937 Howard St,94103,- Multi-family home for sale,3300,6 ,-- ,0,inf, Jade Dou,BETTER HOMES AND GARDENS THRIV
75,1550 Hampshire St,94110,- Condo for sale,799000,2 ,1 ,975,819.4871794871794, R. Robert Mattei,MATTEI PROPERTIES LTD
76,381 Winding Way,94112,- House for sale,949000,4 ,2 ,1168,812.5, Jeanne M. Valera,COLDWELL BANKER REALTY
77,333 1st St UNIT N1801,94105,- Condo for sale,1349000,2 ,2 ,958,1408.141962421712, Carter Waite,COMPASS
78,160 27th Ave,94121,- House for sale,3600000,3 ,2 ,2915,1234.991423670669, Missy Wyant Smit,COMPASS
79,2615 Scott St,94123,- House for sale,5950000,4 ,5 ,3135,1897.92663476874, Travis C. Hale,COMPASS SF
80,2921 Washington St APT 2,94115,- Condo for sale,998000,1 ,1 ,1070,932.7102803738318, Calvin M. Kam,COMPASS
81,1750 39th Ave,94122,- House for sale,1095000,2 ,1 ,1000,1095.0, Nancy Lim,COLDWELL BANKER REALTY
82,574 Natoma St APT 203,94103,- Condo for sale,284045,1 ,1 ,407,697.8992628992629, Robert  Belli,HOME QUEST REALTY
83,670 5th Ave,94118,- Condo for sale,1450000,2 ,2 ,1785,812.3249299719888, David E. Werboff,SOTHEBY'S INTERNATIONAL REALTY
84,757 11th Ave,94118,- Condo for sale,1575000,2 ,2 ,1741,904.6524985640436, Ronni Garfield,SOTHEBY'S INTERNATIONAL REALTY
85,2349 15th Ave,94116,- House for sale,1895000,6 ,5 ,2536,747.2397476340694, Deborah L. Nguyen,COMPASS
86,34 Sola Ave,94116,- House for sale,1995000,3 ,3 ,1991,1002.0090406830739, Shannon L. Cronan,COMPASS SF
87,861 Rhode Island St,94107,- Condo for sale,1450000,3 ,2 ,1433,1011.8632240055827, Dennis R. Otto,COMPASS
88,4836 3rd St,94124,- House for sale,799900,2 ,2 ,2420,330.53719008264466, INC.,PRIME METROPOLIS PROP.
89,900 Bush St APT 516,94109,- Condo for sale,799000,2 ,2 ,853,936.6940211019929, Joshua Altman,REDFIN
90,1574 Waller St,94117,- Condo for sale,1295000,2 ,2 ,1197,1081.8713450292398, Larry W. Stiffler,CORCORAN GLOBAL LIVING
91,555 Golden Gate Ave #2G,94102,- New construction,899000,2 ,2 ,912,985.7456140350877, Loring M. Aguillon-Racine,JS SULLIVAN SALES AND MARKETIN
92,656 Cole St,94117,- Condo for sale,1095000,2 ,1 ,1505,727.5747508305648, Edmond D. O'Sullivan,ELEVATION REAL ESTATE
93,1205 4th Ave APT C,94122,- Condo for sale,999000,2 ,1 ,963,1037.3831775700935, Eva Stoyanov,COMPASS SF
94,2306 Geary Blvd,94115,- House for sale,1299000,4 ,3 ,2050,633.6585365853658, Janice Lee,COLDWELL BANKER REALTY
95,1875 Mission St APT 205,94103,- Condo for sale,430849,2 ,1 ,781,551.663252240717, David Bloom Balaban,CORCORAN GLOBAL LIVING
96,2160 Funston Ave,94116,- House for sale,1838000,4 ,3 ,2375,773.8947368421053, Gina W. Tse,REAL ESTATE REVOLUTION
97,112 Mallorca Way,94123,- House for sale,6595000,5 ,5 ,4810,1371.1018711018712, Butch Haze,COMPASS
98,17 Presidio Ter,94118,- House for sale,20000000,6 ,8 ,10040,1992.03187250996, Neal Allen Ward,COMPASS
99,2250 24th St UNIT 129,94107,- Condo for sale,799000,2 ,2 ,1028,777.2373540856031, Jennifer C. Ferland,COMPASS SF
100,1400 Montgomery St #1404,94133,- House for sale,6995000,6 ,8 ,5465,1279.9634034766698, Ron Abta,POLARIS REALTY
101,250 Fitzgerald Ave,94124,- Lot / Land for sale,75000,1.15 acres lot,0,0,inf, Trent C. Zhu,BETTER HOMES AND GARDENS REAL
102,108 Corbett Ave #110,94114,- House for sale,2190000,4 ,3 ,2997,730.7307307307308, Kimberly M. Sterling,ENGEL & VOELKERS SAN FRANCISCO
103,2424 Jones St,94133,- Multi-family home for sale,7995000,5 ,4 ,0,inf, Maximillian D. Armour,COMPASS
104,259 Moscow St,94112,- House for sale,695000,2 ,1 ,1025,678.0487804878048, Nick Johnson,COLDWELL BANKER REALTY
105,1108 Church St,94114,- Condo for sale,849000,2 ,1 ,885,959.3220338983051, Mary Macpherson,COMPASS SF
106,666 Post St APT 901,94109,- Condo for sale,579000,1 ,1 ,738,784.5528455284552, Susanne S. Alexander,SOTHEBY'S INTERNATIONAL REALTY
107,2038 20th Ave,94116,- House for sale,1998000,4 ,5 ,2296,870.2090592334495, Teresa A. Callan,COMPASS
108,4258 26th St,94131,- House for sale,6500000,5 ,5 ,3980,1633.1658291457286,0,0
109,807 Fell St,94117,- Condo for sale,1479000,3 ,1 ,1380,1071.7391304347825, Mollie W. Poe,INDIGO REAL ESTATE
110,2511 Broadway St,94115,- House for sale,11500000,6 ,5 ,0,inf, Michael B. Harrington,SOTHEBY'S INTERNATIONAL REALTY
111,2831 Webster St #2833-6,94123,- Condo for sale,799000,2 ,1 ,769,1039.0117035110534, John L. LePage,CORCORAN GLOBAL LIVING
112,301 Mission St APT 43D,94105,- Condo for sale,3395000,2 ,3 ,1952,1739.2418032786886, Bryant R. Kowalczyk,MARKER LUXURY PROPERTIES
113,650 Delancey St APT 107,94107,- Condo for sale,1950000,2 ,2 ,1554,1254.8262548262549, Eric Turner,COMPASS
114,403 Main St APT 204N,94105,- Condo for sale,589000,1 ,1 ,483,1219.4616977225674, Dale T. Boutiette,COMPASS SF
115,283 Ramsell St,94132,- House for sale,829000,2 ,1 ,1000,829.0, Michael Freethy,COMPASS
116,1310 Fillmore St APT 610,94115,- Condo for sale,343558,1 ,1 ,740,464.26756756756754, John Philip D. Santiago Jr.,SEQUOIA REAL ESTATE
117,766 Harrison St UNIT 205,94107,- Condo for sale,378000,Studio,-- ,328,1152.439024390244, Kenneth Yip,LUX REALTY GROUP
118,1631 Pierce St,94115,- Condo for sale,1749000,3 ,3 ,1504,1162.8989361702127, Kevin K. Ho,VANGUARD PROPERTIES
119,4800 3rd St UNIT 202,94124,- Condo for sale,286781,1 ,1 ,580,494.45,0,0
120,342 S Van Ness Ave,94103,- Condo for sale,895000,3 ,2 ,1490,600.6711409395973, Shaban A. Shakoori,COMPASS
121,625 Moultrie St,94110,- House for sale,1450000,6 ,2 ,2114,685.9035004730368, Sherri Howe,BRAVA REAL ESTATE
122,247 Gates St,94110,- House for sale,1198000,3 ,2 ,0,inf, Joanna A. Rose,REDFIN
123,56 Summit Way,94132,- Condo for sale,1188000,3 ,2 ,1547,767.9379444085326,0,0
124,469 Tehama St #469-6,94103,- Condo for sale,550000,1 ,1 ,544,1011.0294117647059, Susie Smith,CORCORAN GLOBAL LIVING
125,338 Main St UNIT 34C,94105,- New construction,3500000,2 ,2 ,1491,2347.417840375587, Joseph C. Silva Gonsalves,COMPASS
126,887 34th Ave,94121,- Multi-family home for sale,1749000,4 ,2 ,3450,506.95652173913044, James M. Shinbori,COMPASS SF
127,3444 Scott St,94123,- Condo for sale,3100000,4 ,2 ,2616,1185.0152905198777, Carrie Buchanan-Goodman,SOTHEBY'S INTERNATIONAL REALTY
128,66 Cleary Ct APT 809,94109,- Condo for sale,1150000,3 ,2 ,1117,1029.5434198746643, Matthew Tatsumi Gomez,VANGUARD PROPERTIES
129,227 Upper Ter,94117,- Condo for sale,998000,2 ,1 ,0,inf, Iver Hystad,LC INVESTMENTS
130,451 Donahue St UNIT 313,94124,- Condo for sale,760000,2 ,2 ,1010,752.4752475247525, Craig E. Brown,BETTER HOMES AND GARDENS REAL
131,199 Marina Blvd,94123,- House for sale,5499888,4 ,3 ,2897,1898.4770452191922,0,0
132,84 Commonwealth Ave,94118,- House for sale,6725000,6 ,5 ,5610,1198.7522281639929, Neill S. Bassi,SOTHEBY'S INTERNATIONAL REALTY
133,2415 Van Ness Ave APT 403,94109,- Condo for sale,599000,1 ,1 ,629,952.3052464228934, Jim ONeil,SOTHEBY'S INTERNATIONAL REALTY
134,1404 Palou Ave,94124,- House for sale,759000,2 ,2 ,1318,575.8725341426403, Kristen Shannon Villalobos,IMPACT
135,81 Badger St,94112,- House for sale,1650000,3 ,2 ,2350,702.1276595744681,0,0
136,1837 21st Ave,94122,- House for sale,1795000,7 ,5 ,2940,610.5442176870748, BROKER,SHANNON MOLLOY
137,111 Chestnut St UNIT 112,94111,- Condo for sale,612500,1 ,1 ,589,1039.8981324278438, Grant Edward Beggs,SOTHEBY'S INTERNATIONAL REALTY
138,1278 39th Ave,94122,- House for sale,1695000,3 ,3 ,2086,812.5599232981783,0,0
139,60 Cedro Ave,94127,- House for sale,1750000,2 ,2 ,2490,702.8112449799197, Herbert K. Ng,COLDWELL BANKER REALTY
140,647 Carolina St,94107,- Condo for sale,1089000,2 ,2 ,1225,888.9795918367347, Ron Abta,POLARIS REALTY
141,518 Ellsworth St,94110,- House for sale,2145000,3 ,3 ,2045,1048.8997555012224, Shelley D. Trew,VANGUARD PROPERTIES
142,3625 Jackson St,94118,- House for sale,7995000,6 ,6 ,4260,1876.7605633802816, Meagan S. Levitan,CORCORAN GLOBAL LIVING
143,583 Grove St #585,94102,- Multi-family home for sale,995000,3 ,2 ,1536,647.7864583333334, Michael Freethy,COMPASS
144,650 36th Ave,94121,- House for sale,1495000,3 ,1 ,1916,780.2713987473904, Matt Ciganek,VANGUARD PROPERTIES
145,1552 Hampshire St,94110,- Condo for sale,1249000,2 ,2 ,1600,780.625, R. Robert Mattei,MATTEI PROPERTIES LTD
146,6 San Pablo Ave,94127,- House for sale,2990000,5 ,6 ,3992,748.997995991984, Ying He,JENNY HE REALTY ASSOCIATES
147,2660 Scott St,94123,- House for sale,19200000,7 ,6 ,9190,2089.227421109902, Joel Goodrich,COLDWELL BANKER REALTY
148,17 Guy Pl,94105,- New construction,15000000,8 ,9 ,7680,1953.125, Frank A. Nolan,VANGUARD PROPERTIES
149,519 Nevada St,94110,- House for sale,1499999,3 ,3 ,1636,916.869804400978, Craig Ackerman,ACKERMAN REALTY GROUP
150,1864 Ellis St,94115,- Condo for sale,749000,2 ,1 ,875,856.0, Stephanie C. Pascal,MARKER REAL ESTATE
151,4 Coleman St,94124,- Lot / Land for sale,375000,5.72 acres lot,0,0,inf, Trent C. Zhu,BETTER HOMES AND GARDENS REAL
152,674 29th St,94131,- House for sale,1495000,2 ,3 ,0,inf, Lamisse Droubi,GENERATION REAL ESTATE
153,100 San Felipe Ave,94127,- House for sale,2495000,4 ,4 ,3465,720.0577200577201, Adam R. Betta,HIGHLAND PARTNERS
154,3690 21st St,94114,- House for sale,9985000,2 ,4 ,4700,2124.468085106383, Robert S. Levy,COMPASS
155,1450 Leavenworth St #1454,94109,- Multi-family home for sale,2495000,10 ,5 ,4650,536.5591397849462, Brandon S. Chen,COMPASS
156,1825 Laguna St,94115,- Condo for sale,1100000,2 ,1 ,1630,674.8466257668712, Amanda M. Jones,COMPASS
157,201 Sansome St UNIT 501,94104,- Condo for sale,699000,1 ,1 ,658,1062.310030395137, Erik J. McIntosh,BERKSHIRE HATHAWAY-FRANCISCAN
158,255 Waller St,94102,- Condo for sale,1295000,3 ,1 ,1525,849.1803278688525, James Testa,COMPASS
159,8 Octavia St UNIT 408,94102,- Condo for sale,227572,Studio,1 ,385,591.0961038961038, Robert  Belli,COMPASS
160,4399 24th St,94114,- Condo for sale,490000,Studio,1 ,334,1467.065868263473, Anthony L. Koutsos,KELLER WILLIAMS SAN FRANCISCO
161,857 Fell St,94117,- Condo for sale,1299000,3 ,2 ,1751,741.8617932609937, Mollie W. Poe,INDIGO REAL ESTATE
162,4353 17th St,94114,- House for sale,899000,1 ,1 ,685,1312.4087591240875, Thomas A. Baumgartner,REDFIN
163,864 Union St,94133,- Condo for sale,1450000,3 ,2 ,1360,1066.1764705882354, Melanie P. Leung,SEQUOIA REAL ESTATE
164,276 Ripley St,94110,- House for sale,3295000,4 ,4 ,2458,1340.5207485760782, Isabelle Grotte,COMPASS
165,1254 Quesada Ave,94124,- House for sale,799000,4 ,2 ,1515,527.3927392739274, Romunda Craft,VILLARIN HOMES REALTY
166,3790 21st St,94114,- Multi-family home for sale,7900000,5 ,6 ,4400,1795.4545454545455, Erin Thompson,COMPASS
167,6524 Fulton St,94121,- House for sale,1598000,5 ,3 ,2055,777.6155717761557, Robert E. Miller,INTERO REAL ESTATE SERVICES
168,60 Ora Way UNIT H102,94131,- Condo for sale,412932,1 ,1 ,676,610.8461538461538, Emery G. Bushong,VANGUARD PROPERTIES
169,525 Wildwood Way,94112,- House for sale,1278000,2 ,2 ,1110,1151.3513513513512, George W. Langford,COMPASS
170,675 Cole St APT 5,94117,- Condo for sale,749000,1 ,2 ,778,962.7249357326479, Emily Dunn,COMPASS
171,260 King St UNIT 401,94107,- Condo for sale,306949,Studio,1 ,703,436.6273115220484, Sou Fan Wong Ho,BERRI REAL ESTATE
172,230 Rhine St,94112,- House for sale,998000,4 ,3 ,1541,647.6314081765088,0,0
173,574 Natoma St APT 301,94103,- Condo for sale,251200,Studio,1 ,329,763.5258358662614, Shawn M. Case,CORE7 REAL ESTATE
174,2400 Diamond St,94131,- House for sale,3495000,3 ,3 ,0,inf, Pete Brannigan,COMPASS SF
175,901 Post St #2,94109,- Condo for sale,995000,3 ,2 ,1207,824.3579121789561, Lance R. King,KING REALTY GROUP
176,1469 Palou Ave,94124,- House for sale,998888,4 ,2 ,2362,422.8992379339543, Sean Beattie,STARNBERG REALTY INC.
177,20 Burnside Ave,94131,- House for sale,1695000,4 ,2 ,1924,880.977130977131, Kenneth A. Hagan,PINNACLE PROPERTIES
178,3255 17th St,94110,- Multi-family home for sale,4650000,-- ,-- ,9500,489.4736842105263, Jack P. Murray,BERKSHIRE HATHAWAY-FRANCISCAN
179,63 San Jacinto Way,94127,- House for sale,1799000,2 ,1 ,1348,1334.5697329376856,0,0
180,3132 Laguna St,94123,- House for sale,1795000,2 ,1 ,0,inf, David B. Bellings,COMPASS
181,1874 Quesada Ave,94124,- Lot / Land for sale,149000,"2,496 sqft lot",0,0,inf, Trent C. Zhu,BETTER HOMES AND GARDENS REAL
182,2110 Scott St,94115,- House for sale,8750000,6 ,6 ,7148,1224.1186345831002, Joel Goodrich,COLDWELL BANKER REALTY
183,847 San Jose Ave,94110,- House for sale,1395000,3 ,3 ,2124,656.7796610169491, Shelley D. Trew,VANGUARD PROPERTIES
184,200 Friedell St,94124,- Condo for sale,998000,3 ,3 ,1736,574.8847926267281, Edward R. Deleski,VANGUARD PROPERTIES
185,916 Silliman St,94134,- House for sale,998000,2 ,1 ,1125,887.1111111111111, Janet M. McGee,SHAMROCK REAL ESTATE COMPANY
186,341 San Fernando Way,94127,- House for sale,1890000,5 ,4 ,2738,690.2848794740687, Sonny Tang,BETTER HOMES AND GARDENS REAL
187,875 Francisco St,94109,- House for sale,13500000,4 ,5 ,6330,2132.701421800948, Joel Goodrich,COLDWELL BANKER REALTY
188,2554 Pine St,94115,- Condo for sale,1999000,3 ,2 ,1620,1233.9506172839506, Soni Goodman,COMPASS
189,5900 3rd St UNIT 2412,94124,- Condo for sale,364510,1 ,1 ,816,446.703431372549, Gina W. Tse,REAL ESTATE REVOLUTION
190,818 Van Ness Ave APT 509,94109,- Condo for sale,599000,1 ,1 ,724,827.3480662983426, Tim J. Gullicksen,CORCORAN GLOBAL LIVING
191,1478 Church St,94131,- House for sale,2195000,4 ,3 ,2590,847.4903474903475,0,0
192,8 Buchanan St UNIT 502,94102,- Condo for sale,755000,1 ,1 ,605,1247.9338842975208,0,0
193,1273 Mcallister St,94115,- Condo for sale,1675000,4 ,2 ,1800,930.5555555555555, Joanna A. Rose,REDFIN
194,1385 19th Ave,94122,- Multi-family home for sale,1499000,4 ,2 ,2500,599.6,0,0
195,3511 Jackson St,94118,- House for sale,7350000,4 ,5 ,4176,1760.057471264368, SOTHEBY'S INTERNATIONAL REALTY,Frederick H. Meyer
196,426 Fillmore St #B,94117,- Condo for sale,995000,2 ,2 ,1200,829.1666666666666,0,0
197,501 Crescent Way APT 5303,94134,- Condo for sale,588722,2 ,2 ,1166,504.9073756432247, Robert  Belli,HOME QUEST REALTY
198,253 11th Ave,94118,- Multi-family home for sale,2650000,9 ,5 ,4500,588.8888888888889, Anthony L. Koutsos,KELLER WILLIAMS SAN FRANCISCO
199,123 San Jose Ave #B,94110,- Condo for sale,559000,1 ,1 ,0,inf, Shelley D. Trew,VANGUARD PROPERTIES
200,94 Junior Ter,94112,- House for sale,1495000,4 ,3 ,1800,830.5555555555555,0,0
201,1650 Jackson St APT 807,94109,- Condo for sale,799000,1 ,1 ,845,945.5621301775147, Craig Ackerman,ACKERMAN REALTY GROUP
202,1552 22nd St,94107,- Condo for sale,2395000,3 ,3 ,2108,1136.148007590133, Michelle K. Pender,ENGEL & VOELKERS SAN FRANCISCO
203,2640 Jackson St,94115,- House for sale,13500000,9 ,8 ,7772,1737.004632012352, Joel Goodrich,COLDWELL BANKER REALTY
204,388 Fulton St UNIT 301,94102,- Condo for sale,416018,2 ,1 ,708,587.5960451977401, Robert  Belli,HOME QUEST REALTY
205,139 S Lake Merced Hls APT 1B,94132,- Condo for sale,849000,3 ,2 ,1474,575.9837177747626, Naomi Lempert Lopez,COLDWELL BANKER REALTY
206,55 Page St APT 218,94102,- Condo for sale,329000,1 ,1 ,448,734.375, Christopher P. Jurach,VANGUARD PROPERTIES
207,181 Fremont St UNIT 63D,94105,- New construction,3840000,2 ,2 ,1611,2383.612662942272, COMPASS,Jay Paul Company
208,695 Hamilton St,94134,- House for sale,999989,4 ,2 ,1412,708.207507082153,0,0
209,223 Sanchez St,94114,- Condo for sale,1249000,2 ,2 ,1165,1072.1030042918455, Dan McLean,COLDWELL BANKER REALTY
210,1000 N Point St APT 207,94109,- Condo for sale,629000,1 ,1 ,592,1062.5,0,0
211,4132 3rd St #5,94124,- Townhouse for sale,949500,2 ,2 ,1314,722.6027397260274, Janice Lee,COLDWELL BANKER REALTY
212,12 Auburn St,94133,- House for sale,1099000,2 ,1 ,0,inf, Faye Dibachi,COMPASS
213,3259 Clay St #3261,94115,- House for sale,8995000,6 ,7 ,6000,1499.1666666666667, Carolyn Adducci,COMPASS SF
214,744 Union St APT 2,94133,- Condo for sale,799000,2 ,1 ,720,1109.7222222222222, Deborah Lopez,COMPASS SF
215,588 Minna St #304,94103,- New construction,1099000,2 ,2 ,981,1120.2854230377166, Douglas R. Shaw,COMPASS
216,2760 19th Ave UNIT 33,94132,- Condo for sale,895000,2 ,2 ,1200,745.8333333333334, Thomas Cooke,COMPASS SF
217,1701 Jackson St APT 302,94109,- Condo for sale,825000,1 ,1 ,743,1110.3633916554509, Marie M. Randall,COMPASS SF
218,5104 Diamond Heights Blvd #B,94131,- Condo for sale,1629000,4 ,3 ,1943,838.3942357179619,0,0
219,2002 California St,94109,- House for sale,4275000,4 ,4 ,2750,1554.5454545454545, Helena Zaludova,COMPASS SF
220,109 Porter St,94110,- House for sale,1338800,3 ,4 ,1720,778.3720930232558, George K. Lai,FAR EAST REALTY
221,1465 Laguna St APT 5,94115,- Condo for sale,620000,2 ,1 ,850,729.4117647058823, Jana B. Farrell,COLDWELL BANKER REALTY
222,2148 Union St #1,94123,- Condo for sale,1599000,2 ,2 ,0,inf, Frank A. Nolan,VANGUARD PROPERTIES
223,156 Beaver St #158,94114,- Multi-family home for sale,1999000,5 ,4 ,3035,658.6490939044481, Marcus Miller,HELM REAL ESTATE
224,Plan C Plan,BMR,- New construction,532720,3 ,4 ,1628,327.22358722358723,0,Tri Pointe Homes
225,350 Broderick St APT 211,94117,- New construction,1435000,2 ,2 ,977,1468.7819856704195, Fabrizio D'Angelo,COMPASS
226,2130 Filbert St,94123,- House for sale,4300000,4 ,4 ,2564,1677.0670826833073, Nina Hatvany,COMPASS
227,1547 Revere Ave,94124,- House for sale,1388000,5 ,4 ,2614,530.9869931140015,0,0
228,2100 Green St APT 104,94123,- Condo for sale,2450000,3 ,3 ,2173,1127.4735388863323, Joan J. Smith,COMPASS
229,2137 Vicente St,94116,- House for sale,1650000,6 ,3 ,2165,762.1247113163972,0,0
230,1921 Grant Ave,94133,- Condo for sale,1595000,2 ,2 ,1473,1082.8241683638832, Wendy M. Storch,SOTHEBY'S INTERNATIONAL REALTY
231,2786 Jackson St #A,94115,- Condo for sale,535000,Studio,1 ,472,1133.4745762711864, Judy H. Karam,SOTHEBY'S INTERNATIONAL REALTY
232,1075 Market St UNIT 307,94103,- Condo for sale,331429,1 ,1 ,500,662.858, Robert  Belli,HOME QUEST REALTY
233,1823 Silliman St,94134,- House for sale,1398888,4 ,4 ,2524,554.2345483359746, Marlon Austria,REALTY WORLD BAY AREA R.E.
234,1160 Mission St UNIT 1105,94103,- Condo for sale,307950,1 ,1 ,664,463.7801204819277, Robert  Belli,HOME QUEST REALTY
235,2983 21st St #C,94110,- New construction,619000,1 ,1 ,0,inf, Claudia L. Siegel,COMPASS
236,918 Divisadero St,94115,- House for sale,3999999,7 ,5 ,5041,793.4931561198175, Kevin Swanigan,COMPASS
237,722 Girard St,94134,- House for sale,998000,5 ,3 ,2480,402.4193548387097,0,0
238,1308 Montgomery St,94133,- Multi-family home for sale,3995000,3 ,5 ,3285,1216.1339421613395, Carol A. Goldberg,SOTHEBY'S INTERNATIONAL REALTY
239,1345 16th Ave APT 6,94122,- Condo for sale,799000,2 ,1 ,0,inf, Lance Fulford,COMPASS SF
240,814 Diamond St #818,94114,- Multi-family home for sale,1999000,3 ,2 ,2642,756.6237698713096, Rachel E. Swann,COMPASS
241,2830 22nd St,94110,- House for sale,1225000,2 ,2 ,1090,1123.8532110091744, Sean Jeremy Weinstock,VANGUARD PROPERTIES
242,111 Chestnut St UNIT 704,94111,- Condo for sale,685000,1 ,1 ,680,1007.3529411764706, Bruce Lyon,COLDWELL BANKER REALTY
243,378 Collingwood St,94114,- House for sale,5700000,3 ,3 ,2820,2021.276595744681, Neill S. Bassi,SOTHEBY'S INTERNATIONAL REALTY
244,242 20th Ave,94121,- Multi-family home for sale,1295000,5 ,2 ,2120,610.8490566037735,0,0
245,2707 Larkin St,94109,- House for sale,9995000,4 ,8 ,5371,1860.9197542357103, Janet F. Schindler,SOTHEBY'S INTERNATIONAL REALTY
246,574 Waller St,94117,- Condo for sale,1399000,2 ,1 ,1117,1252.461951656222, Allison Fortini Crawford,SOTHEBY'S INTERNATIONAL REALTY
247,55 S Western Shore Ln UNIT 4,94115,- Condo for sale,747000,3 ,2 ,1050,711.4285714285714,0,0
248,1466 Waller St #1470,94117,- Multi-family home for sale,1700000,4 ,-- ,5580,304.6594982078853, Dan M. McGivern,MARCUS & MILLICHAP
249,2022 10th Ave,94116,- House for sale,2499950,4 ,5 ,2618,954.9083269671505,0,0
250,701 Hampshire St #2,94110,- Condo for sale,595000,1 ,1 ,609,977.0114942528736, Mark A. Colwell,COMPASS
251,3009 Webster St,94123,- House for sale,4250000,4 ,3 ,2774,1532.083633741889, Daniel Hendel,COLDWELL BANKER REALTY
252,234 Andover St,94110,- House for sale,2195000,4 ,3 ,2040,1075.9803921568628, Richard Rochon,AVENUE 8 INC.
253,6 Mint Plz APT 201A,94103,- Condo for sale,649000,1 ,1 ,589,1101.867572156197, L. Christine Irsfeld,COMPASS SF
254,2119 25th Ave,94116,- House for sale,1189000,2 ,1 ,1400,849.2857142857143, Joseph A. Jajeh,CENTURY 21 BALDINI REALTY
255,207 Brussels St,94134,- House for sale,1288000,6 ,4 ,1675,768.955223880597, Bradford Huang,RE/MAX GOLD DALY CITY
256,10 Sea Cliff Ave,94121,- House for sale,7200000,4 ,4 ,3420,2105.2631578947367, BROKER,PATRICIA AGUARISTI
257,172 Landers St #174,94114,- Multi-family home for sale,1995000,4 ,-- ,2240,890.625, Allison Chapleau,VANGUARD PROPERTIES
258,1910 Turk St #1912,94115,- Multi-family home for sale,1949000,4 ,-- ,2490,782.7309236947791, Alex M. Shvartsman,COMPASS
259,1567 Francisco St,94123,- Condo for sale,3575000,3 ,4 ,3072,1163.7369791666667, Darwin Tejada,SOTHEBY'S INTERNATIONAL REALTY
260,179 San Carlos St #2,94110,- Condo for sale,1295000,2 ,2 ,973,1330.9352517985612,0,0
261,6038 Geary Blvd #6040,94121,- House for sale,1395000,4 ,2 ,3340,417.6646706586826, Carol L. Solfanelli,COMPASS
262,114 Coral Ct #26,94124,- Condo for sale,699000,3 ,3 ,1360,513.9705882352941, Shu Pu,CENTURY 21 REALTY ALLIANCE
263,700 15th Ave,94118,- House for sale,2995000,5 ,4 ,2877,1041.0149461244353, John M. Kirkpatrick,COMPASS
264,2626 Filbert St,94123,- House for sale,15980000,4 ,5 ,4185,3818.399044205496, Neal Allen Ward,COMPASS
265,2546 Sutter St,94115,- Multi-family home for sale,1888000,-- ,-- ,1920,983.3333333333334,0,0
266,385 Tehama St,94103,- Condo for sale,1279000,1 ,1 ,1566,816.7305236270754, Adam I. Gavzer,COMPASS
267,686 28th Ave,94121,- House for sale,1580000,3 ,2 ,1350,1170.3703703703704, Thanda Yap,DCP REALTY
268,349 S Van Ness Ave #3,94103,- Condo for sale,625000,2 ,1 ,787,794.1550190597204, Michael A. Gallin,VANGUARD PROPERTIES
269,547 Sawyer St,94134,- House for sale,798000,3 ,2 ,1235,646.1538461538462,0,0
270,1441 Vallejo St,94109,- Condo for sale,1699000,2 ,2 ,2012,844.4333996023856, Erik Reider,CORCORAN GLOBAL LIVING
271,946 Stockton St APT 11C,94108,- Condo for sale,760000,2 ,2 ,690,1101.4492753623188, INC.,UNITED ASSOCIATES INV.
272,901 Bayshore Blvd #206,94124,- Condo for sale,240000,1 ,1 ,0,inf, Julia Lo,CORCORAN GLOBAL LIVING
273,290 Red Rock Way #A,94131,- Condo for sale,995000,4 ,3 ,1513,657.633840052875, Katherine D. Tomassi,COMPASS
274,627 39th Ave,94121,- House for sale,2295000,4 ,5 ,2387,961.4578969417679, Carol Reen,COMPASS
275,280 Monterey Blvd,94131,- House for sale,1799000,5 ,3 ,2589,694.8628814213982, Pete Brannigan,COMPASS SF
276,74 Brady St UNIT 6,94103,- Condo for sale,1395000,2 ,3 ,1668,836.3309352517986, AVENUE 8 INC.,Sternberg-Benjamin Architects
277,709 Central Ave,94117,- Condo for sale,1225000,3 ,2 ,1228,997.557003257329, Merri Pontar-Rawski,PONTAR REAL ESTATE
278,Plan B Plan,BMR,- New construction,532720,3 ,4 ,1789,297.77529346003354,0,Tri Pointe Homes
279,520 Natoma St APT 11,94103,- Condo for sale,369000,Studio,1 ,347,1063.400576368876, Robert Lane Gibson,VANGUARD PROPERTIES
280,81 Lansing St APT 303,94105,- Condo for sale,799000,1 ,1 ,900,887.7777777777778, John P. Twomey,COMPASS SF
281,300 3rd St APT 318,94107,- Condo for sale,1220000,2 ,2 ,1399,872.0514653323803, Ruth Krishnan,COMPASS SF
282,875 California St #402,94108,- New construction,2320000,2 ,2 ,1444,1606.6481994459834, COMPASS,Grosvenor Americas
283,3751 21st St,94114,- House for sale,2195000,4 ,4 ,0,inf, Greg Fulford,SOTHEBY'S INTERNATIONAL REALTY
284,1146 Florida St,94110,- House for sale,3595000,3 ,4 ,2954,1216.9939065673664, Brendon Kearney,COMPASS
285,50 Oakwood St,94110,- House for sale,7850000,5 ,5 ,4665,1682.743837084673, Nina Hatvany,COMPASS
286,1345 16th Ave APT 9,94122,- Condo for sale,675000,1 ,1 ,691,976.8451519536903, Lance Fulford,COMPASS SF
287,1834 Mason St,94133,- Condo for sale,1695000,2 ,2 ,1594,1063.3626097867002, John C. Farnham,COMPASS
288,260 King St UNIT 457,94107,- Condo for sale,949000,1 ,2 ,1104,859.6014492753624, Miyuki Mia Takami,KELLER WILLIAMS SAN FRANCISCO
289,44 Stonecrest Dr,94132,- House for sale,3386000,4 ,5 ,4084,829.0891283055828,0,0
290,310 Townsend St APT 206,94107,- Condo for sale,699000,1 ,1 ,689,1014.5137880986938, Ashley C. Petty,MOSAIK REAL ESTATE
291,555 Golden Gate Ave #6G,94102,- New construction,879000,2 ,1 ,834,1053.9568345323742, Loring M. Aguillon-Racine,JS SULLIVAN SALES AND MARKETIN
292,1324 Clement St #1326,94118,- Multi-family home for sale,1888000,4 ,3 ,3334,566.2867426514697, Beatrice S. Kopilenko,RE/MAX GOLD DALY CITY
293,214 States St,94114,- New construction,1495000,3 ,-- ,1500,996.6666666666666, Jeff J. Appenrodt,LAUREL REALTY & INVESTMENT
294,1290 23rd Ave,94122,- Condo for sale,1195000,3 ,2 ,1200,995.8333333333334,0,0
295,3053 California St #3053,94115,- Condo for sale,2095000,3 ,4 ,2186,958.3714547118024, Ana T. L. Dierkhising,COMPASS
296,2555 Union St,94123,- House for sale,14200000,4 ,4 ,6024,2357.237715803453, Wendy W. Tam,W REAL ESTATE
297,821 Taraval St APT C,94116,- Condo for sale,1195000,3 ,3 ,1535,778.5016286644951, Tanya S. Dzhibrailova,CORCORAN GLOBAL LIVING
298,57 Woodward St #A,94103,- Condo for sale,719000,2 ,1 ,892,806.0538116591928, Duncan C. Wheeler,COMPASS
299,666 Post St APT 902,94109,- Condo for sale,659000,1 ,1 ,775,850.3225806451613, Christian Buckley,VANGUARD PROPERTIES
300,1087 De Haro St,94107,- Condo for sale,1099000,2 ,2 ,1088,1010.1102941176471, Brian Anderson,COMPASS
301,1282 Hayes St #101,94117,- New construction,799000,1 ,1 ,0,inf, Michael R. Keane-Stack,VANGUARD PROPERTIES
302,9 Apollo St,94124,- House for sale,798000,3 ,1 ,987,808.5106382978723, Alex Y. Dabit,INTERO REAL ESTATE SERVICES
303,2780 Broadway St,94115,- House for sale,19995000,4 ,6 ,6000,3332.5, Steven M. Gothelf,SOTHEBY'S INTERNATIONAL REALTY
304,1787 Alabama St #1787,94110,- Condo for sale,950000,2 ,1 ,1200,791.6666666666666,0,0
305,898 Francisco St,94109,- House for sale,9950000,6 ,7 ,6305,1578.112609040444, Mark A. Levinson,COMPASS
306,2196 Jackson St,94115,- House for sale,5995000,5 ,5 ,5025,1193.0348258706467, Janet F. Schindler,SOTHEBY'S INTERNATIONAL REALTY
307,3200 Judah St #3202,94122,- Multi-family home for sale,1595000,6 ,1 ,2250,708.8888888888889, INC,EXP REALTY OF CALIFORNIA
308,22 Presidio Ave,94115,- Condo for sale,3575000,3 ,3 ,2380,1502.1008403361345, Joel Goodrich,COLDWELL BANKER REALTY
309,181 Fremont St UNIT 68B,94105,- New construction,15500000,2 ,3 ,3256,4760.442260442261, COMPASS,Jay Paul Company
310,1461 Kansas St,94107,- House for sale,1095000,2 ,1 ,946,1157.505285412262, Miriam Westberg,REDFIN
311,601 Van Ness Ave APT 45,94102,- Condo for sale,799000,2 ,2 ,1093,731.0155535224154, David E. Werboff,SOTHEBY'S INTERNATIONAL REALTY
312,1510 Jackson St APT 2,94109,- Condo for sale,768000,2 ,1 ,0,inf, Jeremy Burnett,CORCORAN GLOBAL LIVING
313,2000 Washington St #7,94109,- Condo for sale,25000000,4 ,4 ,0,inf, Malin B. Giddings,COMPASS
314,13 Abbey St,94114,- Multi-family home for sale,1495000,2 ,2 ,0,inf, Steven Y. Fang,INTERO REAL ESTATE SERVICES
315,2232 Bush St,94115,- House for sale,6200000,4 ,4 ,6374,972.7016002510197, Steven Mavromihalis,COMPASS
316,2040 Franklin St APT 1209,94109,- Condo for sale,1395000,2 ,2 ,0,inf, Deborah L. Nguyen,COMPASS
317,51 Wool St,94110,- House for sale,1133000,1 ,1 ,1175,964.2553191489362, Jorge E. Carcamo,FUTURA REALTY INC.
318,940 Natoma St UNIT 5,94103,- Condo for sale,799000,1 ,1 ,965,827.979274611399, Noreleen C. de Mesa,CLARIN REALTY INC.
319,1370 Broadway St,94109,- Condo for sale,1235000,3 ,1 ,1340,921.6417910447761, Helena Zaludova,COMPASS SF
320,425 1st St UNIT 905,94105,- Condo for sale,779000,1 ,1 ,710,1097.1830985915492, Tim M. Heffernan,REAL ESTATE ADVISOR GROUP
321,619 Shotwell St APT 6,94110,- Condo for sale,799000,2 ,1 ,685,1166.4233576642337, Stefano Dezerega,CORCORAN GLOBAL LIVING
322,620 Waller St,94117,- Multi-family home for sale,2395000,4 ,2 ,2225,1076.4044943820224, George L. Limperis,COMPASS SF
323,2016 Pacific Ave APT 401,94109,- Condo for sale,1539000,2 ,3 ,1154,1333.6221837088387, Sherri Howe,BRAVA REAL ESTATE
324,1310 Greenwich St APT 202,94109,- Condo for sale,1195000,2 ,1 ,0,inf, Kevin Wakelin,COMPASS
325,301 Mission St APT 22G,94105,- Condo for sale,1398000,2 ,2 ,1268,1102.5236593059938, Dona Crowder,COLDWELL BANKER REALTY
326,172 Langton St,94103,- Condo for sale,699000,1 ,1 ,616,1134.7402597402597,0,0
327,52 Nebraska St,94110,- House for sale,1495000,2 ,1 ,1025,1458.5365853658536, Lyle Chip McAllister,COMPASS SF
328,590 Chestnut St,94133,- New construction,1449000,4 ,2 ,1335,1085.3932584269662, Joshua A. Lawrence,COMPASS
329,83 Mcallister St APT 405,94102,- Condo for sale,385000,Studio,1 ,254,1515.748031496063, Michael  Minson,KELLER WILLIAMS SAN FRANCISCO
330,139 Stillman St APT 4,94107,- Condo for sale,705000,1 ,1 ,715,986.013986013986, JUNG & CO.,ANDERSEN
331,1163 Shotwell St #1165,94110,- House for sale,4195000,5 ,5 ,4021,1043.272817707038, Ron Abta,POLARIS REALTY
332,1133 Church St,94114,- Condo for sale,1450000,3 ,1 ,0,inf, Wendy M. Storch,SOTHEBY'S INTERNATIONAL REALTY
333,348 Austin St,94109,- Multi-family home for sale,1398000,3 ,2 ,1584,882.5757575757576, Andrea Govoni,COLDWELL BANKER REALTY
334,1367 41st Ave,94122,- House for sale,2150000,5 ,4 ,2461,873.6286062576188, Florence H. Chang,COLDWELL BANKER REALTY
335,1080 Chestnut St,94109,- Condo for sale,19000000,4 ,5 ,5445,3489.439853076217, Gregg Lynn,SOTHEBY'S INTERNATIONAL REALTY
336,45 Cleary Ct APT 4,94109,- Condo for sale,1035000,3 ,2 ,1395,741.9354838709677, Luis P. Moran,COLDWELL BANKER REALTY
337,388 Townsend St APT 16,94107,- Condo for sale,825000,1 ,2 ,936,881.4102564102565, Dennis R. Otto,COMPASS
338,139 S Lake Merced Hls APT 3A,94132,- Condo for sale,849000,2 ,2 ,1297,654.5875096376253, Alexander S. Varum,ALEX VARUM BROKER
339,470 Beacon St,94131,- House for sale,3495000,3 ,4 ,3965,881.4627994955864, Michael H. Salstein,CORCORAN GLOBAL LIVING
340,125 Precita Ave,94110,- Condo for sale,995000,3 ,1 ,1195,832.6359832635983, Danielle H. Lazier,COMPASS
341,301 Mission St APT 5C,94105,- Condo for sale,880000,1 ,1 ,833,1056.422569027611,0,0
342,147 Caledonia St #149,94103,- Multi-family home for sale,825000,4 ,2 ,1824,452.30263157894734, Gary J. Snow,COMPASS SF
343,2245 Franklin St,94109,- Condo for sale,1635000,2 ,2 ,1243,1315.3660498793242, Amanda M. Jones,COMPASS
344,725 Pine St APT 307,94108,- Condo for sale,449000,Studio,1 ,328,1368.9024390243903, Roger S. Landry,SOTHEBY'S INTERNATIONAL REALTY
345,888 7th St UNIT 304,94107,- Condo for sale,383277,1 ,1 ,535,716.4056074766355, Stephanie O. Mates,SEQUOIA REAL ESTATE
346,430 7th Ave,94118,- House for sale,2695000,4 ,4 ,2874,937.7174669450244,0,0
347,343 Russia Ave #345,94112,- Multi-family home for sale,950000,5 ,3 ,2250,422.22222222222223, INC.,MAVEN COMMERCIAL
348,901 Bush St APT 207,94109,- Condo for sale,399273,1 ,1 ,532,750.5131578947369, Robert  Belli,COMPASS
349,1942 44th Ave,94116,- House for sale,1688000,5 ,3 ,1631,1034.9478847332925,0,0
350,1383 37th Ave,94122,- Multi-family home for sale,1299000,4 ,2 ,2250,577.3333333333334, INC.,CHOU EVERGREEN REALTY
351,3428 22nd St,94110,- New construction,1650000,3 ,2 ,0,inf, Marcus L. Grogans,COMPASS
352,1708 Lombard St #1710,94123,- Multi-family home for sale,1900000,4 ,2 ,3040,625.0, Chris J. O'Connor,COMPASS
353,380 14th St APT 205,94103,- Condo for sale,365000,1 ,1 ,455,802.1978021978022, Jaymee Faith Sagisi,IMPACT
354,135 Alpha St,94134,- House for sale,750000,4 ,2 ,1110,675.6756756756756,0,0
355,317 29th St APT 201,94131,- Condo for sale,429405,1 ,1 ,536,801.1287313432836, Robert  Belli,COMPASS
356,2135 California St #3,94115,- Condo for sale,1425000,3 ,2 ,1177,1210.7051826677996, Helena Zaludova,COMPASS SF
357,275 Shipley St,94107,- House for sale,4000000,3 ,4 ,2915,1372.21269296741, Wendy M. Storch,SOTHEBY'S INTERNATIONAL REALTY
358,888 San Jose Ave,94110,- Condo for sale,949000,2 ,2 ,1040,912.5, Ron Abta,POLARIS REALTY
359,2501 Cabrillo St,94121,- Condo for sale,988000,2 ,1 ,1174,841.5672913117547, David T. Chan,JODI GROUP
360,2701 Van Ness Ave APT 503,94109,- Condo for sale,625000,Studio,1 ,551,1134.3012704174228, Lisa Camozzi,VANGUARD PROPERTIES
361,601 Van Ness Ave APT 108,94102,- Condo for sale,470000,1 ,-- ,518,907.3359073359073, Lotus C. Hsiao,COMPASS
362,1180 Eddy St UNIT B,94109,- Condo for sale,849999,2 ,2 ,816,1041.6654411764705, Andrea F. Swetland,VANGUARD PROPERTIES
363,224 Mississippi St,94107,- House for sale,2400000,2 ,2 ,3400,705.8823529411765, Louis Cornejo,URBAN GROUP REAL ESTATE
364,Plan D1 Plan,BMR,- New construction,532720,2 ,3 ,1393,382.42641780330223,0,Tri Pointe Homes
365,640 Davis St UNIT 46,94111,- Condo for sale,1598000,2 ,2 ,1471,1086.3358259687288, Dean Badessa,SOTHEBY'S INTERNATIONAL REALTY
366,659 Page St,94117,- New construction,1995000,2 ,3 ,1965,1015.2671755725191, Jean-Paul Samaha,VANGUARD PROPERTIES
367,333 Beale St APT 8F,94105,- Condo for sale,1230000,1 ,1 ,920,1336.9565217391305, Ah Soon Mah,RED ROSE REAL ESTATE SERVICES
368,152 Lombard St APT 401,94111,- Condo for sale,999995,2 ,2 ,1112,899.2760791366907, Derek M. Jackson,VANGUARD PROPERTIES
369,2744 Baker St,94123,- Multi-family home for sale,8995000,4 ,6 ,0,inf,0,0
370,355 Bryant St UNIT 102,94107,- Condo for sale,2195000,2 ,2 ,2203,996.3685882886972, Lisa Miller,SOTHEBY'S INTERNATIONAL REALTY
371,1775 Pacific Ave #1777,94109,- Multi-family home for sale,2735000,4 ,4 ,2762,990.2244750181028, Mirella M. Webb,COMPASS
372,1054 Divisadero St #1058,94115,- Multi-family home for sale,2595000,-- ,-- ,3875,669.6774193548387, Morgan Thomas,COMPASS COMMERCIAL
373,2 Everson St,94131,- House for sale,12000000,4 ,6 ,6230,1926.163723916533, Steven Mavromihalis,COMPASS
374,1880 Turk St,94115,- House for sale,5200000,8 ,9 ,7500,693.3333333333334, Oggi Kashi,NORTH POINT REAL ESTATE
375,675 Tennessee St #A,94107,- Condo for sale,998000,1 ,2 ,1092,913.919413919414, Marsha K. Williams,CORCORAN GLOBAL LIVING
376,202 Union St,94133,- Lot / Land for sale,250000,"1,470 sqft lot",0,0,inf, Anthony L. Koutsos,KELLER WILLIAMS SAN FRANCISCO
377,2227 Beach St,94123,- Condo for sale,1997000,3 ,-- ,2250,887.5555555555555, INC.,GM GREEN REAL ESTATE
378,65 Broad St,94112,- Multi-family home for sale,1495000,5 ,2 ,2750,543.6363636363636, Larry W. Stiffler,CORCORAN GLOBAL LIVING
379,123 Bernard St,94109,- House for sale,1727888,3 ,2 ,2100,822.8038095238095,0,0
380,1387 19th Ave,94122,- Multi-family home for sale,1499000,4 ,2 ,2500,599.6,0,0
381,2721 Pine St,94115,- Condo for sale,1390000,2 ,2 ,1390,1000.0, Ian Berke,IAN BERKE REAL ESTATE
382,1230 Sacramento St,94108,- House for sale,7995000,4 ,3 ,4822,1658.025715470759, Mary Lou Castellanos,SOTHEBY'S INTERNATIONAL REALTY
383,1550 20th Ave,94122,- Multi-family home for sale,1888888,5 ,4 ,2950,640.3010169491525, Marlon Austria,REALTY WORLD BAY AREA R.E.
384,701 Pennsylvania Ave APT 207,94107,- Condo for sale,850000,1 ,2 ,897,947.603121516165, Anthony R. Navarro,HARPER REAL ESTATE
385,850 Powell St APT 401,94108,- Condo for sale,1149000,2 ,6 ,1456,789.1483516483516, Michelle N. Englert,COMPASS
386,555 4th St UNIT 911,94107,- Condo for sale,765000,1 ,1 ,0,inf, COMPASS,Webcor
387,75 Howard St #1701,94105,- New construction,8950000,3 ,3 ,2337,3829.696191698759, Inc. and SRE Group Ltd.,Paramount Group
388,871 Foerster St,94127,- House for sale,2097000,4 ,4 ,2996,699.9332443257676,0,0
389,953 Union St,94133,- Condo for sale,1750000,3 ,2 ,1584,1104.79797979798, Ivan Leung,COMPASS
390,3868 Jackson St #3870,94118,- Multi-family home for sale,5750000,6 ,6 ,5250,1095.2380952380952, Lisa M. Lyons,COMPASS
391,335 27th Ave,94121,- Multi-family home for sale,1388000,3 ,3 ,1994,696.0882647943831, George L. Johnson,WEST COAST PROPERTY MGT. CO.
392,2936 Scott St,94123,- House for sale,8500000,6 ,5 ,5780,1470.5882352941176, Joel Goodrich,COLDWELL BANKER REALTY
393,333 Bush St APT 4104,94104,- Condo for sale,1500000,2 ,2 ,1382,1085.383502170767, Mary L. Fenton,LEVEL 5 REAL ESTATE
394,250 King St UNIT 628,94107,- Condo for sale,700000,1 ,1 ,866,808.3140877598153, Shaban A. Shakoori,COMPASS
395,476 Hickory St,94102,- House for sale,1695000,2 ,2 ,1400,1210.7142857142858, David J. Zimmerman,COMPASS
396,129 Ellert St,94110,- Condo for sale,899000,1 ,1 ,0,inf, Frank A. Castaldini,COMPASS
397,488 Folsom St #5602,94105,- New construction,14900000,3 ,4 ,4312,3455.473098330241, INC.,RELATED CA RES. SALES
398,260 King St UNIT 729,94107,- Condo for sale,660000,Studio,1 ,600,1100.0,0,0
399,528 Noe St,94114,- House for sale,3600000,4 ,5 ,0,inf, David W. Gowan,CORCORAN GLOBAL LIVING
400,1823 Turk St,94115,- Condo for sale,2395000,3 ,3 ,1925,1244.155844155844, Tim M. Heffernan,REAL ESTATE ADVISOR GROUP
401,850 Minnesota St UNIT 256,94107,- Condo for sale,899000,1 ,2 ,835,1076.6467065868264, Tyler  Stewart,HEATH REAL ESTATE
402,72 Bruce Ave,94112,- House for sale,1578000,7 ,4 ,2416,653.1456953642385, James S. Koh,COMPASS
403,333 Diamond St,94114,- New construction,5995000,5 ,8 ,5190,1155.1059730250481, Silvia Zeng,COMPASS SF
404,1867 46th Ave,94122,- House for sale,1175000,2 ,1 ,787,1493.0114358322744, BROKER,CHRIS ENOKAWA
405,298 Baden St,94131,- Condo for sale,995000,2 ,1 ,1375,723.6363636363636, Cynthia M. Pagan,PACIFIC EDGE
406,21 Roscoe St,94110,- House for sale,1249000,2 ,2 ,1191,1048.6985726280436, Todd A. Parrish,W REAL ESTATE
407,Plan D2 Plan,BMR,- New construction,532720,2 ,3 ,1393,382.42641780330223,0,Tri Pointe Homes
408,1845 Pacheco St,94116,- House for sale,1845000,3 ,2 ,1951,945.6688877498718, Amy Yuen,BARBCO
409,1760 Pacific Ave APT 2,94109,- Condo for sale,1950000,2 ,2 ,1722,1132.404181184669,0,0
410,1785 Alabama St #1785,94110,- Condo for sale,1150000,3 ,2 ,1400,821.4285714285714,0,0
411,2423 Buchanan St #B,94115,- Condo for sale,899000,1 ,1 ,1117,804.8343777976723, Roberto Corpuz,SOTHEBY'S INTERNATIONAL REALTY
412,1731 Larkin St APT 3,94109,- Condo for sale,1374000,2 ,2 ,1084,1267.5276752767527,0,0
413,210 Monterey Blvd,94131,- House for sale,1295000,2 ,1 ,0,inf, Ruth Krishnan,COMPASS SF
414,555 Golden Gate Ave #8A,94102,- New construction,799000,1 ,1 ,568,1406.6901408450703, Loring M. Aguillon-Racine,JS SULLIVAN SALES AND MARKETIN
415,151 Alice B Toklas Pl UNIT 407,94109,- Condo for sale,725000,1 ,1 ,783,925.925925925926, John M. Lee,COMPASS
416,169 Shakespeare St,94112,- Lot / Land for sale,299000,"2,788 sqft lot",0,0,inf, Andrew de Vries,BERKSHIRE HATHAWAY-FRANCISCAN
417,617 Minna St #619,94103,- Multi-family home for sale,1620000,4 ,4 ,3158,512.982900569981, Margaret Wong,BETTER HOMES AND GARDENS THRIV
418,849 Sanchez St,94114,- House for sale,4695000,3 ,4 ,2925,1605.128205128205, Joseph A. Marko,COMPASS SF
419,400 Grove St UNIT 101,94102,- Condo for sale,404082,1 ,1 ,485,833.158762886598, Andrea F. Swetland,VANGUARD PROPERTIES
420,1800 Bryant St SUITE 102,94110,- Condo for sale,749000,1 ,2 ,747,1002.6773761713521, Catherine Watson,VANGUARD PROPERTIES
421,547 Missouri St,94107,- House for sale,5350000,5 ,6 ,0,inf, Alexander T. Clark,THE FRONT STEPS
422,3774 Mission St,94110,- House for sale,995000,4 ,-- ,2372,419.47723440134905, Edward R. Deleski,VANGUARD PROPERTIES
423,550 S Van Ness Ave APT 408,94110,- Condo for sale,699000,1 ,1 ,796,878.1407035175879, Laura R. Kaufman,CORCORAN GLOBAL LIVING
424,550 Davis St UNIT 27,94111,- Townhouse for sale,2699000,3 ,3 ,2020,1336.1386138613861, Annie M. Williams,SOTHEBY'S INTERNATIONAL REALTY
425,1001 Pine St UNIT 305,94109,- Condo for sale,829000,2 ,1 ,840,986.9047619047619, Michael  Minson,KELLER WILLIAMS SAN FRANCISCO
426,161 Clifford Ter,94117,- Condo for sale,3200000,4 ,3 ,2415,1325.0517598343686, Shelly L. Sutherland,KINDRED SF HOMES
427,20 Inca Ln APT 3,94115,- Condo for sale,710000,3 ,2 ,1050,676.1904761904761, Jana B. Farrell,COLDWELL BANKER REALTY
428,405 Beacon St,94131,- House for sale,1595000,3 ,2 ,1309,1218.4873949579833,0,0
429,56 Cielito Dr,94134,- House for sale,699000,3 ,1 ,990,706.060606060606, Stanley Lo,GREEN BANKER
430,1465 York St,94110,- House for sale,1599999,5 ,2 ,1599,1000.624765478424,0,0
431,1550 Hampshire St #1552,94110,- Multi-family home for sale,1949000,4 ,3 ,2575,756.8932038834952, R. Robert Mattei,MATTEI PROPERTIES LTD
432,735 Geary St APT 404,94109,- Condo for sale,699000,1 ,1 ,836,836.1244019138755, Subhi Barakat,COMPASS SF
433,2177 3rd St #505,94107,- New construction,985000,1 ,1 ,719,1369.9582753824757, POLARIS PACIFIC,Woods Bagot
434,485 Potrero Ave UNIT C,94110,- Condo for sale,1100000,3 ,1 ,1102,998.1851179673321, Kristen Stuecher,COMPASS
435,403 Main St APT 514N,94105,- Condo for sale,649000,1 ,1 ,536,1210.8208955223881, Michelle Ye,KW PENINSULA ESTATES
436,2229 Beach St,94123,- Condo for sale,1998000,3 ,-- ,2250,888.0, INC.,GM GREEN REAL ESTATE
437,226 27th St APT 4,94131,- Condo for sale,1150000,3 ,2 ,1204,955.1495016611295, Franck Costa,VANGUARD PROPERTIES
438,1267 Chestnut St APT 4,94109,- Condo for sale,1375000,2 ,2 ,0,inf, Erin Thompson,COMPASS
439,1405 Greenwich St APT 5,94109,- Foreclosure,599900,1 ,-- ,998,601.1022044088177,0,0
440,875 Vermont St APT 204,94107,- Condo for sale,699000,1 ,1 ,0,inf, Kevin K. Ho,VANGUARD PROPERTIES
441,542 Rhode Island St,94107,- House for sale,2398000,3 ,2 ,0,inf, Joanna A. Rose,REDFIN
442,647 Hyde St,94109,- House for sale,3198000,3 ,4 ,3944,810.8519269776876, Tim A. Brown,KELLER WILLIAMS SAN FRANCISCO
443,749 Guerrero St,94110,- House for sale,1750000,3 ,2 ,1575,1111.111111111111, Elizabeth A. Kraus,COLDWELL BANKER REALTY
444,226 27th St APT 10,94131,- Condo for sale,649999,1 ,1 ,1,649999.0,0,0
445,631 Ofarrell St APT 1206,94109,- Condo for sale,479000,Studio,1 ,520,921.1538461538462, Lauren O'Brien,CORCORAN GLOBAL LIVING
446,875 N Point St,94109,- House for sale,2995000,3 ,1 ,0,inf, Edward F. Milestone,BERKSHIRE HATHAWAY-FRANCISCAN
447,725 Pine St APT 202,94108,- Condo for sale,485000,Studio,1 ,313,1549.520766773163, Cynthia Kellogg,AVENUE 8 INC.
448,2120 Greenwich St,94123,- Multi-family home for sale,2345000,3 ,1 ,3037,772.1435627263747, Marcell P. Neri,KINOKO
449,701 Hampshire St #6,94110,- Condo for sale,479000,Studio,1 ,0,inf, Mark A. Colwell,COMPASS
450,220 Beacon St,94131,- House for sale,3995000,3 ,4 ,3408,1172.2417840375588, Pete Brannigan,COMPASS SF
451,42 Cameo Way,94131,- House for sale,2295000,4 ,3 ,2518,911.4376489277204, Alexander S. Varum,ALEX VARUM BROKER
452,2217 Pacific Ave APT 3,94115,- Condo for sale,810000,1 ,1 ,612,1323.5294117647059, Grant Edward Beggs,SOTHEBY'S INTERNATIONAL REALTY
453,280 Spear Street #12D Plan,MIRA,- New construction,1495000,2 ,2 ,1097,1362.8076572470375,0,Tishman Speyer
454,1258 Shafter Ave,94124,- House for sale,1060000,3 ,2 ,995,1065.3266331658292,0,0
455,4119-4121 Irving St,94122,- Multi-family home for sale,1398888,-- ,-- ,2647,528.4805440120891,0,0
456,101 Crescent Way APT 2310,94134,- Condo for sale,799000,2 ,2 ,984,811.9918699186992,0,0
457,583 Corbett Ave,94114,- House for sale,3495000,5 ,6 ,4370,799.771167048055, Shane R. Ray,COMPASS
458,325 China Basin St UNIT 410,94158,- Condo for sale,1799000,2 ,2 ,1392,1292.3850574712644, Alicia Tam,COMPASS SF
459,329 Bay St APT 307,94133,- Condo for sale,1290000,2 ,2 ,1225,1053.061224489796,0,0
460,855 Folsom St APT 316,94107,- Condo for sale,445815,1 ,1 ,642,694.4158878504672, Michael S. Broermann,GROUP MB
461,334 Alemany Blvd APT 3,94110,- Condo for sale,503000,1 ,1 ,530,949.0566037735849, IRENE C.,HERMAN
462,815 Tennessee St UNIT 113,94107,- New construction,849000,1 ,1 ,682,1244.8680351906157, Ron Gene Bennett,BLUE PROPERTY GROUP
463,475 Hampshire St APT 6,94110,- Condo for sale,1495000,2 ,3 ,1953,765.4889912954429, Alexander T. Clark,THE FRONT STEPS
464,459 & 461 Potrero Ave,94110,- House for sale,1850000,5 ,4 ,2592,713.7345679012345,0,0
465,1538-1540 Palou Ave,94124,- Multi-family home for sale,888000,-- ,-- ,1550,572.9032258064516,0,0
466,349 S Van Ness Ave APT 1,94103,- Condo for sale,775000,2 ,1 ,765,1013.0718954248366, Michael A. Gallin,VANGUARD PROPERTIES
467,11 Perego Ter APT 3,94131,- Condo for sale,1499000,3 ,2 ,1470,1019.7278911564625,0,0
468,1496 Silver Ave,94134,- House for sale,1450000,3 ,2 ,2720,533.0882352941177, Lawrence Sam Chong,GLOBAL REALTY
469,85 Duboce Ave APT 201,94103,- Condo for sale,687000,1 ,1 ,667,1029.985007496252, Priya Agrawal,COMPASS
470,901 Bayshore Blvd #411,94124,- Foreclosure,456000,1 ,1 ,0,inf,0,CORCORAN GLOBAL LIVING
471,601 Van Ness Ave APT 309,94102,- Condo for sale,649000,1 ,1 ,694,935.1585014409222, Max Strang,BERRI REAL ESTATE
472,1805 Pine St APT 34,94109,- Condo for sale,356509,Studio,-- ,479,744.2776617954071, Robert  Belli,HOME QUEST REALTY
473,675 6th Ave,94118,- Multi-family home for sale,1799000,5 ,3 ,2750,654.1818181818181, Millie S. Lum,COLDWELL BANKER REALTY
474,44 Bonview St,94110,- House for sale,1599950,4 ,2 ,1610,993.7577639751553,0,0
475,24 Powers Ave,94110,- Multi-family home for sale,1450000,6 ,3 ,2315,626.3498920086394, Michael Freethy,COMPASS
476,371 Haight St #375-373,94102,- Condo for sale,1595000,3 ,2 ,0,inf, Sunae K. Chon,AVENUE 8 INC.
477,653 28th St,94131,- New construction,6195000,5 ,6 ,4105,1509.1352009744214, Greg Fulford,SOTHEBY'S INTERNATIONAL REALTY
478,50 Lansing St UNIT 111,94105,- Condo for sale,799000,1 ,2 ,677,1180.2067946824225, Ashley Barrington-Mace,SOTHEBY'S INTERNATIONAL REALTY
479,601 4th St UNIT 329,94107,- Condo for sale,945000,1 ,1 ,1104,855.9782608695652, Colleen M. Cotter,VANGUARD PROPERTIES
480,1930 Taylor St,94133,- Condo for sale,1595000,2 ,2 ,1060,1504.7169811320755, Maximillian D. Armour,COMPASS
481,70 Levant St,94114,- House for sale,1825000,2 ,2 ,1273,1433.6213668499606, William A. Kitchen,COMPASS
482,630 Leavenworth St APT 5,94109,- Condo for sale,929000,2 ,2 ,966,961.6977225672878, Stefano Dezerega,CORCORAN GLOBAL LIVING
483,2200 Pacific Ave APT 4A,94115,- Condo for sale,1488000,2 ,2 ,1856,801.7241379310345, Jeffrey S. Marples,MARKER LUXURY PROPERTIES
484,1885 Jackson St APT 101,94109,- Condo for sale,1198000,2 ,2 ,1028,1165.3696498054476, Luis P. Moran,COLDWELL BANKER REALTY
485,1 Ignacio Ave,94124,- House for sale,1500000,3 ,3 ,2044,733.8551859099804, John R. Solaegui,COMPASS SF
486,631 Ofarrell St APT 910,94109,- Condo for sale,469000,Studio,1 ,520,901.9230769230769, Shannon L. Cronan,COMPASS SF
487,1461 Hayes St,94117,- Condo for sale,1495000,2 ,1 ,1460,1023.972602739726, Laura Lanzone,NORTH POINT REAL ESTATE
488,3228 Divisadero St #PH,94123,- New construction,2988000,3 ,3 ,0,inf, Loring M. Aguillon-Racine,JS SULLIVAN SALES AND MARKETIN
489,461 Allison St,94112,- House for sale,795000,2 ,1 ,925,859.4594594594595, Michael Freethy,COMPASS
490,606 Ellis St,94109,- House for sale,1449888,3 ,2 ,1635,886.7816513761468,0,0
491,2049 15th Ave,94116,- House for sale,1888888,3 ,1 ,1890,999.4116402116402,0,0
492,888 7th St #LL-45,94107,- Condo for sale,828000,1 ,2 ,714,1159.6638655462184,0,0
493,80 Harriet St,94103,- Multi-family home for sale,2400000,4 ,3 ,2870,836.2369337979094, Helena Zaludova,COMPASS SF
494,110 Channel St UNIT 106,94158,- Condo for sale,1485000,2 ,2 ,1196,1241.638795986622, Crystal C. Injo,COMPASS
495,236 Linden St,94102,- Condo for sale,1333000,3 ,2 ,1409,946.0610361958836, Robert D. Link,S&L REALTY
496,2085 Ocean Ave,94127,- House for sale,2178500,4 ,3 ,2729,798.2777574203005, Jian Ying Lin,COLDWELL BANKER REALTY
497,383 Crescent Ave,94110,- House for sale,1175000,3 ,1 ,1000,1175.0, Robin Hubinsky,VANGUARD PROPERTIES
498,1380 La Playa St,94122,- Multi-family home for sale,2250000,6 ,3 ,3384,664.8936170212766, W.J.,BRITTON & COMPANY
499,1366 Turk St APT 1C,94115,- Condo for sale,949888,2 ,2 ,1226,774.7862969004894,0,0
500,2755 Fillmore St,94123,- House for sale,13999000,4 ,5 ,5142,2722.481524698561, Betty A. Taisch,COMPASS
501,280 Spear St #22D,94105,- New construction,1780000,2 ,2 ,1086,1639.0423572744014, Garrett R. Frakes,POLARIS PACIFIC
502,33 Bernard St,94133,- Multi-family home for sale,2249000,5 ,4 ,2616,859.7094801223242, Michael  Minson,KELLER WILLIAMS SAN FRANCISCO
503,1001 17th St #303,94107,- Condo for sale,699000,1 ,1 ,0,inf, Catherine Watson,VANGUARD PROPERTIES
504,357 Guerrero St,94103,- Condo for sale,1650000,2 ,2 ,1660,993.9759036144578, Alan Natanson,CORCORAN GLOBAL LIVING
505,2956 Arelious Walker Dr,94124,- Condo for sale,541455,2 ,1 ,882,613.8945578231293, Karen A. Mai,COLDWELL BANKER REALTY
506,260 King St UNIT 607,94107,- Condo for sale,798888,1 ,1 ,896,891.6160714285714, Malin P. Kansal,VANGUARD PROPERTIES
507,3965 24th St,94114,- Multi-family home for sale,1475750,2 ,2 ,2700,546.574074074074, Tim Hawko,PARK NORTH REAL ESTATE
508,858 Capp St #8,94110,- New construction,1950000,3 ,3 ,1638,1190.4761904761904, Frank A. Nolan,VANGUARD PROPERTIES
509,3878 Jackson St,94118,- House for sale,7795000,4 ,4 ,4609,1691.2562377956174, Ronni Garfield,SOTHEBY'S INTERNATIONAL REALTY
510,1998 Broadway St #807,94109,- Condo for sale,1450000,2 ,2 ,1030,1407.7669902912621,0,0
511,4165 Cesar Chavez St,94131,- Condo for sale,1595000,3 ,2 ,0,inf, Emily Dunn,COMPASS
512,45 Bartlett St UNIT 302,94110,- Condo for sale,895000,1 ,1 ,870,1028.7356321839081, Todd D. Montgomery,COMPASS
513,2177 3rd St #723,94107,- New construction,1300000,1 ,1 ,654,1987.7675840978593, POLARIS PACIFIC,Woods Bagot
514,280 Spear St #12D,94105,- New construction,1495000,2 ,2 ,1097,1362.8076572470375, POLARIS PACIFIC,Tishman Speyer
515,72 Macondray Ln APT 3,94133,- Condo for sale,825000,Studio,1 ,672,1227.6785714285713, David Parry,SOTHEBY'S INTERNATIONAL REALTY
516,248 Myrtle St,94109,- Condo for sale,875000,2 ,1 ,975,897.4358974358975, Thomas A. Baumgartner,REDFIN
517,Type 18 Plan,Serif,- New construction,498250,-- ,1 ,363,1372.5895316804408,0,L37 Partners
518,2100 Pacific Ave,94115,- Condo for sale,7950000,5 ,4 ,5180,1534.7490347490348, Stacey E. Caen,SOTHEBY'S INTERNATIONAL REALTY
519,4 Russian Hill Pl,94133,- House for sale,5700000,3 ,3 ,0,inf, Joel Goodrich,COLDWELL BANKER REALTY
520,1310 California St,94109,- Condo for sale,2050000,3 ,2 ,1690,1213.01775147929, Marla Moresi-Valdes,SOTHEBY'S INTERNATIONAL REALTY
521,1495 11th Ave,94122,- Foreclosure,3409000,5 ,4 ,3450,988.1159420289855,0,VANGUARD PROPERTIES
522,2830 22nd St #3,94110,- Condo for sale,1225000,2 ,2 ,1090,1123.8532110091744, Sean Jeremy Weinstock,VANGUARD PROPERTIES
523,3877 Jackson St #3879,94118,- Multi-family home for sale,6495000,8 ,6 ,6625,980.377358490566, Dennis R. Otto,COMPASS
524,666 Post St APT 603,94109,- Condo for sale,699000,1 ,1 ,831,841.1552346570397, Steven Huang,ASCEND REAL ESTATE
525,648 Fillmore St,94117,- Condo for sale,3295000,5 ,3 ,4477,735.9839178020997, Amy C. Clemens,PACIFIC EDGE
526,224 Laidley St,94131,- New construction,5895000,4 ,5 ,0,inf, Rusty Wadatz,SOTHEBY'S INTERNATIONAL REALTY
527,785 Golden Gate Ave APT 301,94102,- Condo for sale,980000,3 ,2 ,1663,589.2964521948286, Colleen Wang,COMPASS
528,175 Russ St APT 1,94103,- Condo for sale,738000,1 ,2 ,0,inf, Jessie Lee,COMPASS SF
529,69 Clementina St UNIT 801,94105,- Condo for sale,1049000,2 ,3 ,1192,880.0335570469799, Mollie W. Poe,INDIGO REAL ESTATE
530,200 Brannan St APT 314,94107,- Condo for sale,830000,1 ,1 ,732,1133.879781420765,0,0
531,930 Pine St APT 303,94108,- Condo for sale,1098000,2 ,2 ,1026,1070.1754385964912,0,0
532,152 Lombard St APT 201,94111,- Condo for sale,1079000,2 ,2 ,1112,970.3237410071943,0,0
533,776 Tehama St UNIT 9,94103,- Condo for sale,375000,1 ,1 ,418,897.1291866028708, Leilani Ishaan,BETTER HOMES AND GARDENS THRIV
534,207 King St APT 411,94107,- Condo for sale,1499000,2 ,2 ,1461,1026.009582477755, Miyuki Mia Takami,KELLER WILLIAMS SAN FRANCISCO
535,77 Dow Pl APT 305,94107,- Condo for sale,829000,1 ,2 ,985,841.6243654822335, Sean Komarmy,PACIFIC EDGE
536,388 Fulton St #603,94102,- Condo for sale,609000,Studio,1 ,326,1868.0981595092026, Denise L. Paulson,COMPASS
537,201 Harrison St APT 805,94105,- Condo for sale,700000,1 ,1 ,544,1286.764705882353,0,0
538,388 Fulton St UNIT 212,94102,- Condo for sale,382532,1 ,1 ,404,946.8613861386139, Robert  Belli,HOME QUEST REALTY
539,555 Innes Ave UNIT 312,94124,- Condo for sale,599000,1 ,1 ,655,914.5038167938932,0,Lennar
540,83 Mcallister St APT 504,94102,- Condo for sale,488000,1 ,1 ,261,1869.7318007662834, BROKER,DONNA L. NG
541,101 Lombard St APT 114W,94111,- Condo for sale,950000,1 ,1 ,1062,894.5386064030132, Mary L. Fenton,LEVEL 5 REAL ESTATE
542,Residence 205,OneEleven,- New construction,599000,1 ,1 ,529,1132.3251417769377,0,Z&L Properties
543,3131 Pierce St #302,94123,- New construction,1095000,1 ,1 ,719,1522.9485396383866, Edward R. Deleski,VANGUARD PROPERTIES
544,766 Harrison St UNIT 805,94107,- Condo for sale,450000,Studio,1 ,334,1347.3053892215569, Jing Fang,COMPASS
545,3620 Cesar Chavez St #301,94110,- New construction,1199000,2 ,2 ,1144,1048.076923076923, Massimo F. Loporto,VANGUARD PROPERTIES
546,75 Folsom St APT 902,94105,- Condo for sale,1395000,2 ,2 ,1177,1185.2166525063722, Paul Hwang,SKYBOX REALTY
547,488 Folsom St #4105,94105,- New construction,3085000,2 ,3 ,1652,1867.4334140435835, INC.,RELATED CA RES. SALES
548,550 Innes Ave #201,94124,- New construction,620000,2 ,1 ,760,815.7894736842105, CORCORAN GLOBAL LIVING,Lennar
549,1819 Stockton St,94133,- Condo for sale,1595000,2 ,1 ,1560,1022.4358974358975, Carol A. Goldberg,SOTHEBY'S INTERNATIONAL REALTY
550,1494 Revere Ave,94124,- Multi-family home for sale,999000,7 ,3 ,2700,370.0,0,0
551,1160 Mission St UNIT 2105,94103,- Condo for sale,699000,1 ,1 ,664,1052.710843373494, Angelo F. Cosentino,COMPASS SF
552,279 Laidley St,94131,- Condo for sale,1395000,2 ,1 ,1303,1070.6062931696085, Kevin L. Kropp,VANGUARD PROPERTIES
553,164 Henry St #166,94114,- Multi-family home for sale,3495000,5 ,3 ,4287,815.255423372988, Dan McLean,COLDWELL BANKER REALTY
554,Residence #219 Plan,555,- New construction,799000,1 ,1 ,705,1133.3333333333333,0,Z&L Properties
555,3241 Mission St APT 3,94110,- Condo for sale,699888,1 ,1 ,597,1172.3417085427136,0,0
556,2227 Beach 2229 St,94123,- Multi-family home for sale,3995000,6 ,-- ,4500,887.7777777777778, INC.,GM GREEN REAL ESTATE
557,1108 Treat Ave,94103,- Multi-family home for sale,1195000,3 ,-- ,0,inf, Jack A. Burrows,VANGUARD PROPERTIES
558,988 Fulton St APT 114,94117,- Condo for sale,820000,1 ,1 ,695,1179.8561151079136, Jamie Comer,KINDRED SF HOMES
559,Residence #218 Plan,555,- New construction,1047000,2 ,1 ,798,1312.03007518797,0,Z&L Properties
560,2691 Alemany Blvd,94112,- House for sale,850000,2 ,1 ,1238,686.5912762520194, David K. Lee,COLDWELL BANKER INFINITI GROUP
561,1840 Eddy St,94115,- House for sale,3190000,5 ,4 ,3400,938.2352941176471, Teresa A. Callan,COMPASS
562,400 Bristol Ct #225,94130,- New construction,818000,Studio,1 ,749,1092.1228304405874, THE AGENCY,Wilson Meany/Cahill
563,35 Dolores St APT 401,94103,- Condo for sale,1695000,2 ,2 ,1227,1381.4180929095355, Becky Layton,COMPASS
564,201 Harrison St APT 526,94105,- Condo for sale,839000,1 ,1 ,795,1055.3459119496856, Matthew W. Finley,COMPASS
565,900 Gilman Ave #900-12,94124,- Condo for sale,541455,2 ,1 ,882,613.8945578231293, Karen A. Mai,COLDWELL BANKER REALTY
566,280 Spear St #6B,94105,- New construction,1595000,2 ,2 ,1260,1265.873015873016, POLARIS PACIFIC,Tishman Speyer
567,139 Dore St #145,94103,- Multi-family home for sale,4750000,12 ,8 ,6219,763.7883904164656, Justin N. Yonker,TRIDENT REAL ESTATE
568,2750 Cabrillo St,94121,- House for sale,2500000,5 ,5 ,4800,520.8333333333334, JUNG & CO.,ANDERSEN
569,3333 24th St #3343,94110,- Multi-family home for sale,2500000,5 ,-- ,5940,420.8754208754209, Brad Lagomarsino,COLLIERS INTERNATIONAL
570,201 Sansome St UNIT 605,94104,- Condo for sale,679000,1 ,1 ,565,1201.7699115044247, Richard P. Kaluza,COMPASS
571,2412 Harrison St APT 109,94110,- Condo for sale,1195000,1 ,2 ,1352,883.8757396449704, Laura Lanzone,NORTH POINT REAL ESTATE
572,2200 Pacific Ave APT 2C,94115,- Condo for sale,1550000,2 ,2 ,1850,837.8378378378378, Dena Aslanian-Williams,COMPASS
573,301 Main St UNIT 8F,94105,- Condo for sale,960000,1 ,1 ,800,1200.0, Betty A. Taisch,COMPASS
574,721 Randolph St,94132,- Multi-family home for sale,1289000,4 ,1 ,2386,540.2347024308466, Michael B. Johnston,COMPASS
575,588 Chestnut St,94133,- New construction,1649000,4 ,2 ,1420,1161.2676056338028, Joshua A. Lawrence,COMPASS
576,71 Curtis St #71A,94112,- House for sale,1550000,3 ,2 ,2177,711.9889756545705, Burton Louie,COMPASS
577,1160 Mission St UNIT 612,94103,- Condo for sale,308053,1 ,1 ,662,465.3368580060423, Robert  Belli,HOME QUEST REALTY
578,588 Minna St #203,94103,- New construction,649000,1 ,1 ,644,1007.7639751552795, COMPASS,Z&L Properties
579,3321 26th St APT 4,94110,- Condo for sale,995000,2 ,2 ,1034,962.2823984526112, Robin Hubinsky,VANGUARD PROPERTIES
580,601 Van Ness Ave APT 51,94102,- Condo for sale,849000,2 ,2 ,1037,818.7078109932497, Daniel P. Langford,CORCORAN GLOBAL LIVING
581,8 Buchanan St UNIT 401,94102,- Condo for sale,898000,2 ,1 ,789,1138.149556400507, Anthony R. Navarro,HARPER REAL ESTATE
582,655 Corbett Ave #102,94114,- Condo for sale,600000,1 ,1 ,619,969.3053311793215,0,0
583,140 S Van Ness Ave UNIT 1041,94103,- Condo for sale,639000,1 ,1 ,630,1014.2857142857143, Joan H. Meyer,BETTER HOMES AND GARDENS THRIV
584,1000 3rd St UNIT 508,94158,- Condo for sale,998000,1 ,1 ,830,1202.4096385542168,0,0
585,555 4th St UNIT 105,94107,- Condo for sale,1995000,3 ,3 ,2279,875.3839403247039, Mollie W. Poe,INDIGO REAL ESTATE
586,54 Williams Ave,94124,- Multi-family home for sale,899000,4 ,2 ,1992,451.30522088353416, Anthony C. Tsia,BAYCAL REALTY CORPORATION
587,1835 Franklin St APT 702,94109,- Condo for sale,1195000,2 ,2 ,1500,796.6666666666666, Michael B. Harrington,SOTHEBY'S INTERNATIONAL REALTY
588,218 Winfield St,94110,- Multi-family home for sale,1799000,4 ,3 ,1997,900.8512769153731,0,0
589,439 28th Ave,94121,- Multi-family home for sale,1980000,3 ,-- ,3175,623.6220472440945, David Yip,BARBCO
590,5900 3rd St UNIT 2215,94124,- Condo for sale,949000,3 ,3 ,1821,521.1422295442064, Alek Keytiyev,COMPASS
591,1310 Bowdoin St,94134,- House for sale,1099000,4 ,2 ,1794,612.5975473801561, James S. Koh,COMPASS
592,301 Mission St APT 10H,94105,- Condo for sale,750000,1 ,1 ,666,1126.126126126126, JUNG & CO.,ANDERSEN
593,272 Hermann St #276,94117,- Multi-family home for sale,1995000,8 ,3 ,3750,532.0, Michael Freethy,COMPASS
594,425 1st St UNIT 4705,94105,- Condo for sale,1000000,1 ,1 ,710,1408.4507042253522, Matthew W. Finley,COMPASS
595,308 Crescent Ave,94110,- House for sale,2098000,5 ,3 ,2069,1014.016433059449,0,0
596,250 King St UNIT 1214,94107,- Condo for sale,869000,1 ,1 ,962,903.3264033264034, Thomas A. Baumgartner,REDFIN
597,614 Natoma St #616A,94103,- Condo for sale,1095000,5 ,4 ,1508,726.1273209549072, BROKER,JOHN WARNER
598,720 Stockton St APT 6,94108,- Condo for sale,1175000,2 ,2 ,0,inf, Jeffrey A. Silver,COLDWELL BANKER REALTY
599,1875 Mission St APT 203,94103,- Condo for sale,868000,1 ,1 ,810,1071.6049382716049, Michael  Minson,KELLER WILLIAMS SAN FRANCISCO
600,220 Grand View Ave,94114,- House for sale,1899000,3 ,2 ,1348,1408.753709198813, Tito Avila,STERLING PREMIER PROPERTIES
601,1177 California St APT 1422,94108,- Condo for sale,655000,1 ,1 ,538,1217.4721189591078, Stephen K. Gomez,COMPASS
602,201 Harrison St APT 802,94105,- Condo for sale,499000,Studio,1 ,432,1155.0925925925926, Jeff J. Appenrodt,LAUREL REALTY & INVESTMENT
603,601 Van Ness Ave APT 230,94102,- Condo for sale,549000,1 ,1 ,677,810.930576070901, Susan A. Getz,COMPASS
604,1300 22nd St #206,94107,- Condo for sale,1365000,2 ,2 ,920,1483.695652173913, Rochelle Vandermerwe,ARTEMIS REAL ESTATE
605,646 Madrid St #648,94112,- Multi-family home for sale,989000,4 ,2 ,1400,706.4285714285714, Daniel Lee,FAR EAST REALTY
606,75 Howard St #304,94105,- New construction,1850000,1 ,2 ,1082,1709.796672828096, Inc. and SRE Group Ltd.,Paramount Group
607,380 14th St APT 208,94103,- Condo for sale,699000,1 ,1 ,486,1438.2716049382716, Olivia O. Ongpin,VANGUARD PROPERTIES
608,1501 Greenwich St UNIT 302,94123,- New construction,1395000,2 ,2 ,1050,1328.5714285714287, Eric John Weaver,COMPASS SF
609,2261 Bush St APT 3,94115,- Condo for sale,1049000,2 ,1 ,750,1398.6666666666667, Richard B. Teed,COMPASS
610,1545 Pine St #202,94109,- New construction,565000,Studio,1 ,423,1335.6973995271867, Lisa J. Wolfe,COMPASS
611,765 Market St APT 34A,94103,- Condo for sale,9900000,4 ,5 ,4550,2175.8241758241757, Gregg Lynn,SOTHEBY'S INTERNATIONAL REALTY
612,338 Main St UNIT 36B,94105,- Condo for sale,8800000,3 ,4 ,3800,2315.7894736842104, Jayne L. Jones,COLDWELL BANKER REALTY
613,1601 11th Ave,94122,- Multi-family home for sale,2150000,4 ,4 ,2792,770.0573065902579, Elisabeth Scheidl,COLDWELL BANKER REALTY
614,346 1st St APT 106,94105,- Condo for sale,880000,1 ,2 ,1060,830.188679245283, Brandon Yager,YAGER REALTY OF CALIFORNIA
615,1868 Van Ness Ave APT 401,94109,- Condo for sale,1198000,2 ,2 ,989,1211.324570273003, Anne M. Herrera,SOTHEBY'S INTERNATIONAL REALTY
616,401 Harrison St APT 24F,94105,- Condo for sale,1340000,1 ,1 ,830,1614.4578313253012, Pablo M. Cela,SKYBOX REALTY
617,3126 Scott St APT 1,94123,- Condo for sale,1595000,2 ,2 ,1367,1166.7885881492318, Justin N. Yonker,TRIDENT REAL ESTATE
618,1552 Fulton St,94117,- Foreclosure,2950000,8 ,3 ,4200,702.3809523809524,0,0
619,248 Carl St,94117,- Condo for sale,3995000,3 ,4 ,2864,1394.9022346368715, Mollie W. Poe,INDIGO REAL ESTATE
620,454 Greenwich St,94133,- House for sale,2500000,2 ,2 ,1700,1470.5882352941176, Jill Hacker,JILL HACKER REAL ESTATE BROKER
621,26 Varennes St,94133,- Multi-family home for sale,1699000,84 ,2 ,2952,575.5420054200542, John Ko,MADISON HUNTER
622,2310 Hyde St #1,94109,- Condo for sale,4950000,3 ,4 ,3746,1321.4095034703685, Gregg Lynn,SOTHEBY'S INTERNATIONAL REALTY
623,2177 3rd St #602,94107,- New construction,1399000,2 ,2 ,981,1426.0958205912334, POLARIS PACIFIC,Woods Bagot
624,2924 Sacramento St,94115,- Multi-family home for sale,3450000,7 ,2 ,4116,838.1924198250729, Allison Chapleau,VANGUARD PROPERTIES
625,1177 California St APT 224,94108,- Condo for sale,1695000,2 ,2 ,1653,1025.4083484573503, Maximillian D. Armour,COMPASS
626,488 Folsom St #4704,94105,- New construction,1750000,1 ,2 ,987,1773.049645390071, INC.,RELATED CA RES. SALES
627,712 Bryant St APT 4,94107,- Condo for sale,1649999,2 ,3 ,2097,786.8378636146876,0,0
628,335 Berry St UNIT 402,94158,- Condo for sale,1099000,2 ,2 ,917,1198.473282442748, Rubi Kawamura,COLDWELL BANKER REALTY
629,501 Beale St UNIT 8D,94105,- Condo for sale,1649000,2 ,2 ,1259,1309.7696584590944," Shao Ying ""Shirley"" Liang",BAY REAL ESTATE GROUP
630,1177 California St APT 311,94108,- Condo for sale,475000,Studio,1 ,437,1086.9565217391305, Stephen L. Patton,GPK LUXURY REAL ESTATE
631,2860 22nd St #2864,94110,- Multi-family home for sale,1899999,8 ,5 ,2849,666.900315900316, Tina C. Wong,TRUST REAL ESTATE
632,170 Pfeiffer St,94133,- Multi-family home for sale,4850000,6 ,5 ,4015,1207.970112079701, David W. Gowan,CORCORAN GLOBAL LIVING
633,300 Meadowbrook Dr #1,94132,- New construction,3825000,3 ,4 ,2379,1607.8184110970997, Thomas M. Gasbarre,THE AGENCY
634,731 17th Ave,94121,- Multi-family home for sale,1695000,4 ,-- ,3330,509.009009009009, Alexander T. Clark,THE FRONT STEPS
635,140 S Van Ness Ave UNIT 1101,94103,- Condo for sale,1365000,3 ,2 ,1800,758.3333333333334, Kevin L. Kropp,VANGUARD PROPERTIES
636,5700 Mission St APT 4,94112,- Condo for sale,999888,4 ,2 ,2444,409.1194762684124, Edwin M. Camarao,INTERO REAL ESTATE SERVICES
637,555 Golden Gate Ave PENTHOUSE 11,94102,- New construction,1928888,3 ,2 ,0,inf, Loring M. Aguillon-Racine,JS SULLIVAN SALES AND MARKETIN
638,149 Arleta Ave,94134,- House for sale,1399000,5 ,3 ,2000,699.5,0,0
639,480 Kansas St,94107,- House for sale,2099000,3 ,2 ,0,inf, Mollie W. Poe,INDIGO REAL ESTATE
640,177 Townsend St UNIT 422,94107,- Condo for sale,1249000,2 ,2 ,1025,1218.5365853658536, Pam Godbold,COMPASS
641,305 Filbert St,94133,- House for sale,3995000,2 ,3 ,1968,2029.979674796748, Jim Fisher,COMPASS SF
642,355 1st St PENTHOUSE S2802,94105,- Condo for sale,2198000,2 ,2 ,1480,1485.1351351351352,0,0
643,250 King St UNIT 604,94107,- Condo for sale,699000,1 ,1 ,587,1190.8006814310052, Eric M. Johnson,SOTHEBY'S INTERNATIONAL REALTY
644,1268 Lombard St #2,94109,- Condo for sale,3299000,3 ,2 ,0,inf, Marianne Bacigalupi Schier,COMPASS
645,2250 24th St UNIT 329,94107,- Condo for sale,898000,2 ,2 ,1030,871.8446601941747, Eugenia A. Mantzoros,EPIC REAL ESTATE & ASSO. INC.
646,870 Harrison St UNIT 602,94107,- Condo for sale,785000,1 ,1 ,583,1346.483704974271, James R. Decker,AMSI
647,170 Ocean Ave,94112,- House for sale,1550000,3 ,2 ,1950,794.8717948717949,0,0
648,201 Harrison St APT 708,94105,- Condo for sale,625000,1 ,1 ,495,1262.6262626262626, Lisa M. Marroquin,PARK NORTH REAL ESTATE
649,95 Farallones St,94112,- Multi-family home for sale,1280000,6 ,3 ,1950,656.4102564102565, Hung K. Kwok,MAXREAL
650,637 Powell St APT 102,94108,- Condo for sale,1285000,3 ,2 ,0,inf, Carey Clarke Nassano-Miller,COMPASS
651,818 Van Ness Ave APT 802,94109,- Condo for sale,1349000,2 ,2 ,1128,1195.9219858156027, Judson R. Cassels,VANGUARD PROPERTIES
652,6 Mint Plz APT 303A,94103,- Condo for sale,875000,2 ,1 ,0,inf, Jessie Lee,COMPASS SF
653,699 36th Ave APT 301,94121,- Condo for sale,1595000,3 ,3 ,1935,824.2894056847546, Zehra Ammar Ashary,COMPASS
654,1483 Sutter St UNIT 1001,94109,- Condo for sale,1188000,1 ,-- ,1050,1131.4285714285713, Non -. Member,RECIP. LISTING (MLS ONLY)
655,1800 Washington St APT 219,94109,- Condo for sale,1299000,2 ,2 ,1042,1246.641074856046, Miyuki Mia Takami,KELLER WILLIAMS SAN FRANCISCO
656,2125 Bryant St APT 316,94110,- Condo for sale,1798000,3 ,4 ,1702,1056.4042303172737, Andrea F. Swetland,VANGUARD PROPERTIES
657,3122 23rd St,94110,- Condo for sale,1995000,3 ,3 ,0,inf, Daniel R. Fernandez,CORCORAN GLOBAL LIVING
658,1238 Sutter St UNIT 801,94109,- Condo for sale,775000,1 ,1 ,0,inf,0,0
659,2922 Franklin St,94123,- New construction,3800000,3 ,3 ,2735,1389.396709323583, Amanda M. Jones,COMPASS
660,195 7th St APT 309,94103,- Condo for sale,399000,Studio,1 ,307,1299.6742671009772, Jessie Lee,COMPASS SF
661,3131 Pierce St #301,94123,- New construction,1649000,2 ,2 ,0,inf, Edward R. Deleski,VANGUARD PROPERTIES
662,246 Carl St #248,94117,- Multi-family home for sale,8444000,6 ,-- ,0,inf, Mollie W. Poe,INDIGO REAL ESTATE
663,999 Green St APT 1104,94133,- Condo for sale,1849000,2 ,2 ,1681,1099.9405116002379, Gillian Toboni,COMPASS
664,2829 25th St #4,94110,- Condo for sale,2495000,3 ,4 ,1975,1263.2911392405063, Jason H. Hoffman,COMPASS
665,280 Spear St #25F,94105,- New construction,1599999,1 ,1 ,0,inf, Miyuki Mia Takami,KELLER WILLIAMS SAN FRANCISCO
666,325 Castro St #375,94114,- Multi-family home for sale,2600000,-- ,-- ,3300,787.8787878787879, Matthew Tatsumi Gomez,VANGUARD PROPERTIES
667,201 Harrison St APT 122,94105,- Condo for sale,459000,Studio,1 ,347,1322.7665706051873,0,0
668,601 Van Ness Ave APT 1045,94102,- Condo for sale,799000,2 ,2 ,894,893.7360178970918, Lauren A. Schultze,PARK NORTH REAL ESTATE
669,858 Capp St #2,94110,- New construction,1199000,2 ,2 ,1015,1181.28078817734, Frank A. Nolan,VANGUARD PROPERTIES
670,1875 Mission St APT 106,94103,- New construction,675000,1 ,1 ,618,1092.2330097087379, Jason H. Hoffman,COMPASS
671,631 Ofarrell St APT 1210,94109,- Condo for sale,479000,Studio,1 ,0,inf, Thomas Cacciotti,VANGUARD PROPERTIES
672,8 Octavia St UNIT 608,94102,- Condo for sale,1295000,2 ,2 ,1001,1293.7062937062938, Morton Mah,COMPASS
673,223 Fair Oaks St #227,94110,- Multi-family home for sale,4195000,5 ,6 ,4000,1048.75, Stefano Dezerega,CORCORAN GLOBAL LIVING
674,7 Juri St,94110,- House for sale,2295000,3 ,2 ,1577,1455.294863665187,0,0
675,945 Green St #7,94133,- Condo for sale,8950000,3 ,4 ,4000,2237.5, Steven M. Gothelf,SOTHEBY'S INTERNATIONAL REALTY
676,1268 Dolores St,94110,- Condo for sale,1389000,2 ,2 ,1267,1096.2904498816101,0,0
677,971 Le Conte Ave,94124,- House for sale,914000,2 ,1 ,841,1086.8014268727704, Ying He,CENTURY 21 REALTY ALLIANCE
678,75 Howard St #409,94105,- New construction,1250000,1 ,1 ,880,1420.4545454545455, Inc. and SRE Group Ltd.,Paramount Group
679,718 Long Bridge St APT 218,94158,- Condo for sale,2555000,3 ,3 ,1893,1349.7094558901215, Leslie Bauer,COLDWELL BANKER REALTY
680,1510 Newcomb Ave,94124,- House for sale,1129000,5 ,2 ,2077,543.572460279249,0,0
681,3159-3163 24th St,94110,- House for sale,2698000,7 ,3 ,5040,535.3174603174604,0,0
682,1688 Pine St #WPH01,94109,- New construction,2499000,2 ,3 ,1427,1751.2263489838822, Carter Waite,COMPASS
683,2256 19th Ave,94116,- Multi-family home for sale,2690000,8 ,5 ,4295,626.3096623981373, Lanting Chen,BERKSHIRE HATHAWAY DRYSDALE PR
684,1298 Treat Ave,94110,- Condo for sale,1295000,3 ,2 ,1250,1036.0, Rachel E. Swann,COMPASS
685,8100 Oceanview Ter APT 224,94132,- Condo for sale,835000,2 ,2 ,950,878.9473684210526,0,0
686,254 Roosevelt Way,94114,- House for sale,2495000,5 ,1 ,2500,998.0, Jack A. Burrows,VANGUARD PROPERTIES
687,51 Innes Ct. #312 Plan,Monarch,- New construction,965000,2 ,2 ,1080,893.5185185185185,0,Lennar
688,488 Folsom St #4003,94105,- New construction,1630000,1 ,2 ,921,1769.815418023887, INC.,RELATED CA RES. SALES
689,100 College Ave #104,94112,- Multi-family home for sale,2950000,9 ,3 ,5472,539.1081871345029, Christian V. Nguyen,MOSAIK REAL ESTATE
690,3460 22nd St,94110,- Multi-family home for sale,2345000,4 ,-- ,2260,1037.6106194690265, Michelle K. Pender,ENGEL & VOELKERS SAN FRANCISCO
691,140 S Van Ness Ave UNIT 1029,94103,- Condo for sale,899000,2 ,2 ,1153,779.705117085863, Lota de Castro,COLDWELL BANKER REALTY
692,Plan B Plan,Portola,- New construction,1450000,3 ,4 ,1789,810.508664058133,0,Tri Pointe Homes
693,135 Red Rock Way APT 107L,94131,- Condo for sale,609000,Studio,1 ,592,1028.7162162162163, PARK NORTH REAL ESTATE,Ring Bros.
694,10 Reno Pl,94133,- Multi-family home for sale,6995000,7 ,8 ,0,inf, Victoria A. Clemons,COMPASS
695,1655 Dolores St,94110,- House for sale,3195000,5 ,4 ,3430,931.4868804664723, Peter J. Fatooh,PETER FATOOH REALTY
696,480 Mission Bay Blvd #313,94158,- New construction,1599000,2 ,2 ,1220,1310.655737704918, Dianne M. Hartnett,COMPASS
697,355 1st St UNIT S2103,94105,- Condo for sale,949000,1 ,1 ,722,1314.404432132964, Ksenia Jury,SKYBOX REALTY
698,45 Bartlett St UNIT 805,94110,- New construction,1195000,2 ,2 ,916,1304.585152838428, Houda Tanverakul,COMPASS
699,200 Brannan St APT 232,94107,- Condo for sale,3100000,3 ,3 ,2391,1296.5286491007946,0,0
700,725 Pine St APT 206,94108,- Condo for sale,495000,Studio,1 ,353,1402.2662889518413, Debi Green,SOTHEBY'S INTERNATIONAL REALTY
701,1875 Mission St APT 109,94103,- Condo for sale,1200000,2 ,2 ,1272,943.3962264150944, George W. Langford,COMPASS
702,400 Bristol Ct #323,94130,- New construction,1152000,1 ,1 ,965,1193.782383419689, THE AGENCY,Wilson Meany/Cahill
703,53-55 Pomona St,94124,- Multi-family home for sale,1459000,5 ,3 ,2763,528.0492218602968, Marina Shiferman,COMPASS
704,290 Meadow Dr #2,94130,- New construction,3946000,3 ,4 ,2510,1572.1115537848605, THE AGENCY,Wilson Meany/ Plant Construction
705,280 Spear St #10A,94105,- New construction,1649000,2 ,2 ,1453,1134.8933241569168, POLARIS PACIFIC,Tishman Speyer
706,276 9th Ave,94118,- Multi-family home for sale,2195000,6 ,3 ,3878,566.0134089736978,0,0
707,1177 California St APT 503,94108,- Condo for sale,529000,Studio,1 ,411,1287.1046228710463, Georgina McInerney,COMPASS
708,50 Lansing St UNIT 101,94105,- Condo for sale,899500,1 ,1 ,850,1058.235294117647, Afsaneh Valizadeh,AFI REAL ESTATE
709,333 Main St UNIT 9B,94105,- Condo for sale,2199000,3 ,3 ,1462,1504.1039671682627, Robyn L. Kaufman,COMPASS
710,930 Pine St APT 301,94108,- Condo for sale,790000,1 ,1 ,0,inf, Karen C. Dell'Isola,COLDWELL BANKER REALTY
711,2111 Hyde St #301,94109,- Condo for sale,1995000,2 ,2 ,1820,1096.1538461538462, Gregg Lynn,SOTHEBY'S INTERNATIONAL REALTY
712,1616 Judah St #1618,94122,- Multi-family home for sale,1295000,2 ,2 ,1890,685.1851851851852, Dee Saroni,SOTHEBY'S INTERNATIONAL REALTY
713,1282 Hayes St #401,94117,- Condo for sale,2395000,3 ,3 ,0,inf, Michael R. Keane-Stack,VANGUARD PROPERTIES
714,140 S Van Ness Ave UNIT 529,94103,- Condo for sale,899000,2 ,2 ,1160,775.0, Karen Wong-Dunlap,KELLER WILLIAMS SF MONTEREY
715,3250 Judah St,94122,- House for sale,1599000,2 ,2 ,3029,527.8969957081545,0,0
716,229-233 Whitney St,94131,- Multi-family home for sale,1695000,-- ,-- ,2505,676.6467065868263,0,0
717,1747 Dolores St #1749,94110,- Condo for sale,3144000,5 ,6 ,3155,996.513470681458, Ron Abta,POLARIS REALTY
718,1001 Pine St UNIT 708,94109,- Condo for sale,549000,Studio,1 ,454,1209.2511013215858, Kevin Wakelin,COMPASS
719,854 Capp St UNIT 1,94110,- Condo for sale,2199000,3 ,3 ,0,inf, Rita V. Schmid,VANGUARD PROPERTIES
720,236 Shipley St #304,94107,- Condo for sale,998000,2 ,2 ,825,1209.6969696969697,0,0
721,229 Brannan St,94107,- New construction,3995000,4 ,3 ,2612,1529.4793261868301, Jason H. Hoffman,COMPASS
722,280 Spear St #1B,94105,- New construction,1200000,2 ,1 ,953,1259.1815320041974, POLARIS PACIFIC,Tishman Speyer
723,832 Florida St,94110,- House for sale,1299000,4 ,2 ,1920,676.5625,0,0
724,250 King St UNIT 634,94107,- Condo for sale,735000,1 ,1 ,760,967.1052631578947, ENGEL & VOELKERS SAN FRANCISCO,Beacon
725,445 Francisco St #601F,94133,- Condo for sale,2198000,2 ,2 ,1311,1676.5827612509536, Pamela R. Culp,COMPASS
726,3535 Wawona St #515,94116,- Condo for sale,1334000,2 ,2 ,991,1346.1150353178607,0,0
727,5800 3rd St UNIT 1211,94124,- Condo for sale,680000,1 ,1 ,817,832.313341493268,0,0
728,3620 Cesar Chavez St #303,94110,- New construction,1199000,2 ,2 ,1038,1155.1059730250481, Massimo F. Loporto,VANGUARD PROPERTIES
729,74 New Montgomery St UNIT 509,94105,- Condo for sale,615000,Studio,1 ,486,1265.432098765432, Ron Salter,COMPASS
730,690 Market St #201,94104,- Condo for sale,985000,1 ,2 ,1290,763.5658914728682, Robyn L. Kaufman,COMPASS
731,555 Golden Gate Ave #5A,94102,- New construction,729000,1 ,1 ,568,1283.4507042253522, Loring M. Aguillon-Racine,JS SULLIVAN SALES AND MARKETIN
732,388 Fulton St #405,94102,- Condo for sale,898000,2 ,1 ,720,1247.2222222222222,0,0
733,208 Dorland St #210,94114,- Multi-family home for sale,4500000,7 ,4 ,2800,1607.142857142857, Todd Wiley,COMPASS
734,72 Townsend St UNIT 504,94107,- Condo for sale,1495000,2 ,2 ,1260,1186.5079365079366, Lauren J. Fraser,SOTHEBY'S INTERNATIONAL REALTY
735,601 Van Ness Ave APT 944,94102,- Condo for sale,668000,1 ,1 ,894,747.2035794183445, Robert E. Merryman,SOTHEBY'S INTERNATIONAL REALTY
736,917 Bryant St,94103,- House for sale,3488000,2 ,2 ,3550,982.5352112676056, Payton R. Stiewe,ARTEMIS REAL ESTATE
737,555 4th St UNIT 447,94107,- Condo for sale,599000,Studio,1 ,454,1319.3832599118944, Jessie Lee,COMPASS SF
738,72 Townsend St UNIT 702,94107,- New construction,1599000,2 ,2 ,0,inf, COLDWELL BANKER REALTY,KB Home
739,201 Folsom St APT 6H,94105,- Condo for sale,1098000,1 ,1 ,851,1290.246768507638,0,0
740,195 7th St APT 402,94103,- Condo for sale,399000,Studio,1 ,0,inf, INC.,JSL REALTY
741,195 7th St APT 407,94103,- Condo for sale,378000,Studio,1 ,298,1268.456375838926, Francis E. Somsel,COMPASS
742,1776 Sacramento St APT 305,94109,- Condo for sale,1095000,2 ,2 ,1091,1003.6663611365719, Dennis Sanchez,BERRI REAL ESTATE
743,(undisclosed Address),94124,- Condo for sale,635000,2 ,2 ,790,803.7974683544304, Eve J. Combs-Cofer,BETTER HOMES AND GARDENS THRIV
744,601 Van Ness Ave APT 802,94102,- Condo for sale,625000,1 ,1 ,676,924.5562130177515,0,0
745,751 Taraval St #755,94116,- Multi-family home for sale,2495000,5 ,1 ,5627,443.39790296783366, Paul Barbagelata,BARBCO
746,1875 Mission St APT 410,94103,- Condo for sale,980000,1 ,1 ,794,1234.2569269521412, Malin P. Kansal,VANGUARD PROPERTIES
747,855 Folsom St APT 519,94107,- Condo for sale,1595000,2 ,2 ,1396,1142.5501432664757, Gael Bruno,SOTHEBY'S INTERNATIONAL REALTY
748,1438 Green St,94109,- Condo for sale,2300000,3 ,3 ,1738,1323.3601841196778,0,0
749,140 S Van Ness Ave UNIT 405,94103,- Condo for sale,750000,1 ,2 ,830,903.6144578313254,0,0
750,325 Wayland St,94134,- House for sale,1799000,5 ,4 ,3765,477.82204515272247, James K. Pan,KC STRATEGY INC.
751,451 Kansas St UNIT 389,94107,- Condo for sale,615000,Studio,1 ,495,1242.4242424242425,0,0
752,52 Innes Ct UNIT 103,94124,- Condo for sale,879000,2 ,2 ,1185,741.7721518987341,0,0
753,718 Long Bridge St APT 1605,94158,- Condo for sale,2550008,2 ,2 ,1569,1625.2441045251753, VANGUARD PROPERTIES,Malin Kansal
754,148 Fillmore St #152,94117,- Multi-family home for sale,2995000,7 ,3 ,3801,787.9505393317548, Louis Cornejo,URBAN GROUP REAL ESTATE
755,1160 Mission St UNIT 803,94103,- Condo for sale,748000,1 ,1 ,755,990.7284768211921, Crystal C. Injo,COMPASS
756,5853 Mission St APT 4,94112,- Condo for sale,668000,2 ,1 ,805,829.8136645962733, INC,EXP REALTY OF CALIFORNIA
757,232 Minerva St,94112,- House for sale,1299000,5 ,3 ,2661,488.16234498308904,0,0
758,201 Folsom St #41B,94105,- Condo for sale,6800000,4 ,4 ,5223,1301.9337545471951, Masoumeh M. Pahlbod,ENGEL & VOELKERS SAN FRANCISCO
759,1070 Green St APT 801,94133,- Condo for sale,2450000,2 ,2 ,1616,1516.0891089108911, Daniel J. DerVartanian,SOTHEBY'S INTERNATIONAL REALTY
760,2855 Folsom St #A,94110,- Condo for sale,2995000,3 ,3 ,2290,1307.8602620087336, Jonathan B. Deason,VANGUARD PROPERTIES
761,1046 Sanchez St,94114,- Condo for sale,1795000,3 ,1 ,1443,1243.936243936244,0,0
762,280 Spear St #1F,94105,- New construction,1100000,2 ,1 ,823,1336.5735115431348, POLARIS PACIFIC,Tishman Speyer
763,Type 02 Plan,Serif,- New construction,583250,-- ,1 ,467,1248.9293361884368,0,L37 Partners
764,1360 Montgomery St,94133,- Condo for sale,7995000,4 ,4 ,2618,3053.857906799083,0,0
765,974 Geneva Ave #3,94112,- New construction,1385000,4 ,4 ,1397,991.4101646385111, Janine Hunn,VANGUARD PROPERTIES
766,420 Mission Bay Blvd #104,94158,- Condo for sale,1838000,2 ,3 ,1635,1124.1590214067278, COMPASS,Madrone
767,210 29th St,94131,- Multi-family home for sale,2150000,5 ,2 ,3130,686.9009584664536, Natalie Rome,COMPASS
768,435 Powell St #441,94102,- Multi-family home for sale,20000000,1 ,-- ,26152,764.7598654022637, BROKER,JEREMY FALK BLATTEIS
769,401 Harrison St APT 30B,94105,- Condo for sale,1999000,2 ,2 ,1311,1524.790236460717, Joseph C. Silva Gonsalves,COMPASS
770,Type 17 Plan,Serif,- New construction,703250,-- ,1 ,503,1398.1113320079523,0,L37 Partners
771,11 Franklin St UNIT 802,94102,- Condo for sale,1275000,2 ,2 ,979,1302.3493360572013, Neil  Canlas,THE CANLAS BROTHERS
772,1000 3rd St UNIT 1506,94158,- Condo for sale,1699000,2 ,2 ,1267,1340.962904498816, Robyn L. Kaufman,COMPASS
773,1075 Market St UNIT 413,94103,- New construction,949000,2 ,2 ,844,1124.4075829383887, Abigail R. Picache,VANGUARD PROPERTIES
774,301 Mission St APT 3D,94105,- Condo for sale,899000,1 ,1 ,789,1139.4169835234475, COMPASS SF,Handel Architects
775,5900 3rd St UNIT 2424,94124,- Condo for sale,639000,1 ,1 ,775,824.516129032258, Michael  Minson,KELLER WILLIAMS SAN FRANCISCO
776,201 Harrison St APT 401,94105,- Condo for sale,589000,Studio,1 ,432,1363.4259259259259, Kathy Turnquist,CITILAND INVESTMENT CORP.
777,1490 Ocean Ave APT 403,94112,- Condo for sale,1499000,3 ,2 ,1258,1191.5739268680445,0,0
778,2448 Lombard St PENTHOUSE 4,94123,- New construction,2598000,3 ,3 ,0,inf, JS SULLIVAN SALES AND MARKETIN,JS Sullivan Development
779,601 Van Ness Ave APT 132,94102,- Condo for sale,599000,1 ,1 ,694,863.1123919308358, Peter Goss,CORCORAN GLOBAL LIVING
780,218 Union St APT 5,94133,- Condo for sale,1400000,1 ,1 ,0,inf, Debi Green,SOTHEBY'S INTERNATIONAL REALTY
781,2658 22nd St,94110,- House for sale,2480000,3 ,2 ,1902,1303.8906414300736, Patricia A. Lawton,SOTHEBY'S INTERNATIONAL REALTY
782,301 Mission St APT 11E,94105,- Condo for sale,1088000,1 ,2 ,1027,1059.396299902629, Mark A. Venegas,COLDWELL BANKER REALTY
783,3365 20th St APT 2,94110,- Condo for sale,1995000,4 ,3 ,2187,912.2085048010974, Robert J. Vernon,COMPASS SF
784,181 Fremont St UNIT 54E,94105,- New construction,1700000,1 ,1 ,780,2179.4871794871797, Gregg Lynn,SOTHEBY'S INTERNATIONAL REALTY
785,1785-1787 Alabama St,94110,- Multi-family home for sale,1995000,-- ,-- ,3044,655.3876478318002,0,0
786,2040 Franklin St APT 708,94109,- Condo for sale,849995,1 ,2 ,1040,817.3028846153846,0,0
787,210 Dorland St,94114,- Condo for sale,2500000,3 ,1 ,0,inf, Todd Wiley,COMPASS
788,217 Gaven St,94134,- House for sale,1388888,4 ,3 ,2200,631.3127272727273,0,0
789,301 Rhode Island St #B6,94103,- Condo for sale,1033000,1 ,2 ,1291,800.1549186676995, Natalie Rome,COMPASS
790,190 Albion St #192,94110,- Multi-family home for sale,2500000,5 ,2 ,3180,786.1635220125786, Nick Flageollet,ACKERMAN REALTY GROUP
791,3733 San Bruno Ave,94134,- House for sale,1888000,6 ,5 ,5084,371.3611329661684,0,0
792,1160 Mission St UNIT 1106,94103,- Condo for sale,1350000,2 ,2 ,1146,1178.0104712041884, Cooper Gaines,CORCORAN GLOBAL LIVING
793,2829 25th St #3,94110,- Condo for sale,1649000,3 ,3 ,1464,1126.3661202185792, Jason H. Hoffman,COMPASS
794,1388 Gough St APT 1005,94109,- Condo for sale,1495000,2 ,2 ,1285,1163.4241245136186, Morton Mah,COMPASS
795,555 Golden Gate Ave #5F,94102,- New construction,1059000,2 ,2 ,977,1083.9303991811669, Loring M. Aguillon-Racine,JS SULLIVAN SALES AND MARKETIN
796,601 Van Ness Ave APT 812,94102,- Condo for sale,679000,1 ,1 ,708,959.0395480225989, Daniel P. Langford,CORCORAN GLOBAL LIVING
797,170 King St UNIT 601,94107,- Condo for sale,1250000,2 ,2 ,0,inf, Tim M. Heffernan,REAL ESTATE ADVISOR GROUP
798,1439 S Van Ness Ave #1441,94110,- Multi-family home for sale,1725000,5 ,3 ,2650,650.9433962264151, Nicholas J. Thornton,COMPASS
799,401 Harrison St APT 40B,94105,- Condo for sale,2450000,2 ,2 ,1419,1726.568005637773, Jason Gorski,COMPASS SF
